record_id,issuing_body,title,publication_date,canonical_url,landing_page_url,download_url,format_label,mime_type,http_status,last_verified_at
5ef32b6ed64e0e89d82d7bf5176798b9f342f501a77ce78113d112491281f890,GS1_GLOBAL,publication_log,,https://www.gs1.org/standards/log,https://www.gs1.org/standards/log,,,,,2026-01-29
620477b1262f5d09931ce23db5b54d3e88c361bb65d5a6508a8b107022c75f33,GS1_GLOBAL,standards_hub,,https://www.gs1.org/standards,https://www.gs1.org/standards,,,,,2026-01-29
1526e26225ae66737835a83a4e3ad628284fcda9610bb5dd9dea12bd26cb658d,GS1_NL,knowledge_base_hub,,https://www.gs1.nl/kennisbank/,https://www.gs1.nl/kennisbank/,,,,,2026-01-29
a923af303691a2e5d1ad3bdaaa6e25ee3189e9ffbe32f2c9a98e0e52d154f768,GS1_NL,Nederland,,https://www.gs1.nl/,https://www.gs1.nl/kennisbank/,,,,,2026-01-29
0c7d596945a19abc8035c906a29d339441ec72190fe4c35053c0a30860f73180,GS1_NL,EN,,https://www.gs1.nl/en/,https://www.gs1.nl/kennisbank/,,,,,2026-01-29
68de03243d94e49141e4a648a7da99855f4a326b4012b064adccaa49f6768bb9,GS1_NL,Storingen en onderhoud,,https://www.gs1.nl/over-gs1/support/onderhoud-storingen/,https://www.gs1.nl/kennisbank/,,,,,2026-01-29
eef9f991546fed9601e75d3e459de4534b3a2337c343b34a00ae10b25cad5d6d,GS1_NL,Support,,https://www.gs1.nl/over-gs1/support/,https://www.gs1.nl/kennisbank/,,,,,2026-01-29
cff9f24c4696054566dd829372192c09c388db8bb3e02bd22b58fe14dd4a80b2,GS1_NL,Producten & services,,https://www.gs1.nl/producten-services/,https://www.gs1.nl/kennisbank/,,,,,2026-01-29
e8e4183bce83eac2c4e45c813135192fe463c6da999e2e8e875ff5c34a7e6c01,GS1_NL,Digital identity,,https://www.gs1.nl/producten-services/digital-identity/,https://www.gs1.nl/kennisbank/,,,,,2026-01-29
9465339c1e999d249e3fe1a8d971d3d39b94e52b90bb926de9a1430c3a066ec7,GS1_NL,GTIN/barcode,,https://www.gs1.nl/producten-services/digital-identity/gtinbarcode/,https://www.gs1.nl/kennisbank/,,,,,2026-01-29
f54e353853698009030949b612c69b69453bb28f16a66ceec66f9e17058c997f,GS1_NL,GLN,,https://www.gs1.nl/producten-services/digital-identity/gln/,https://www.gs1.nl/kennisbank/,,,,,2026-01-29
1a2121d5b9eddaec699e763096d39687dd5f00fdae296425dfc3a197b66f34ae,GS1_NL,SSCC,,https://www.gs1.nl/producten-services/digital-identity/sscc/,https://www.gs1.nl/kennisbank/,,,,,2026-01-29
53d6a8f42d452cb298f762b031d447bf5b0f95c2a41920306b8212fc77687c6e,GS1_NL,QR Code powered by GS1,,https://www.gs1.nl/producten-services/digital-identity/qr-code-powered-by-gs1/,https://www.gs1.nl/kennisbank/,,,,,2026-01-29
655322ffa5e428be5635ffa853be518ed9d847771a58fb4b0302cf4b1dd00ef0,GS1_NL,Overige codes,,https://www.gs1.nl/producten-services/digital-identity/overige-codes/,https://www.gs1.nl/kennisbank/,,,,,2026-01-29
c8e312ca91e2613de64cc078f9e9dfda24d705623b6f70195dcac47733789763,GS1_NL,Tarieven,,https://www.gs1.nl/producten-services/digital-identity/tarieven/,https://www.gs1.nl/kennisbank/,,,,,2026-01-29
70ff1511efbc7de2b5a8bf6c351a12da36049869472f4c374e036290bacc5684,GS1_NL,Data exchange,,https://www.gs1.nl/producten-services/data-exchange/,https://www.gs1.nl/kennisbank/,,,,,2026-01-29
1e6e9fabbee90974d04505cbd29ccc09da6dc9931074b2ac891777a20efc44bd,GS1_NL,GS1 Digital Link,,https://www.gs1.nl/producten-services/data-exchange/gs1-digital-link/,https://www.gs1.nl/kennisbank/,,,,,2026-01-29
945e958213191f12777f19a72e1c7394d79d119cef4fefa41685eb2aecfb80cf,GS1_NL,GS1 Data Source,,https://www.gs1.nl/producten-services/data-exchange/gs1-data-source/,https://www.gs1.nl/kennisbank/,,,,,2026-01-29
aac7b2271ef99570e4e36ebb7c8d4fb7864fd78d41871e293a242e072c4779a5,GS1_NL,GS1 PAC,,https://www.gs1.nl/producten-services/data-exchange/gs1-pac/,https://www.gs1.nl/kennisbank/,,,,,2026-01-29
c0dcd9cbb87a556f4a484bc3eaadd620fdec6b4e7a3f496b13799cfc84541006,GS1_NL,Verified by GS1,,https://www.gs1.nl/producten-services/data-exchange/verified-by-gs1/,https://www.gs1.nl/kennisbank/,,,,,2026-01-29
c36f5c44f9b189126d065e83adcd9243320d878d896e4fdfddc81d300331df39,GS1_NL,GS1 Location Finder,,https://www.gs1.nl/producten-services/data-exchange/gs1-location-finder/,https://www.gs1.nl/kennisbank/,,,,,2026-01-29
9638db563db3a582024b6d1b03b3edfc7634ab86a892354247631b742b105dd9,GS1_NL,Overige,,https://www.gs1.nl/producten-services/data-exchange/overige/,https://www.gs1.nl/kennisbank/,,,,,2026-01-29
5a5b9884c4b367456b6ab13718ea4e6e0b9c8fb485a1e7cc51acbbbd11276575,GS1_NL,Tarieven,,https://www.gs1.nl/producten-services/data-exchange/tarieven/,https://www.gs1.nl/kennisbank/,,,,,2026-01-29
c76d503ed61e7a52fdeac005dcc1e7c0531108baa82d80a6c49b4028420d246c,GS1_NL,Services,,https://www.gs1.nl/producten-services/services/,https://www.gs1.nl/kennisbank/,,,,,2026-01-29
572ff09be93163a68b44ce3918a5c3df0efdcae6fcbc9b514974c796feb45b0c,GS1_NL,API's van GS1,,https://www.gs1.nl/producten-services/services/apis-van-gs1/,https://www.gs1.nl/kennisbank/,,,,,2026-01-29
396f48d4f9b9bd9dfe411dfbd8266311386970cc4a5a3ca8021c2e40c6923703,GS1_NL,GS1 e-Label,,https://www.gs1.nl/producten-services/services/gs1-e-label/,https://www.gs1.nl/kennisbank/,,,,,2026-01-29
279c718ce399546428e4c3f8172c1e58ae81d49ad893e3e64fdd52d4b5374adc,GS1_NL,Data quality,,https://www.gs1.nl/producten-services/services/data-quality/,https://www.gs1.nl/kennisbank/,,,,,2026-01-29
3074287118dc69b9a978ef6b9c381c754a23ae41ad1643d6946455e4ce4576b1,GS1_NL,Digital Product Passport,,https://www.gs1.nl/producten-services/services/digital-product-passport/,https://www.gs1.nl/kennisbank/,,,,,2026-01-29
4ecd314dfb2fe404b3b2596c9c4d981507e453e1691ef5d8851fa461e710cdc0,GS1_NL,Tarieven,,https://www.gs1.nl/producten-services/services/tarieven/,https://www.gs1.nl/kennisbank/,,,,,2026-01-29
acede5fb7dd0ec63a123cd458ea60069308e8df593c6da42db4c714ad7b9857a,GS1_NL,Sectoren,,https://www.gs1.nl/sectoren/,https://www.gs1.nl/kennisbank/,,,,,2026-01-29
9daa18e7bf46f41e64f7aa3b1caa834d9b048120387a8cfb0d3f30ec6fed9359,GS1_NL,Levensmiddelen & drogisterij,,https://www.gs1.nl/sectoren/levensmiddelen-drogisterij/,https://www.gs1.nl/kennisbank/,,,,,2026-01-29
620791546d0747054d83560dea9871bbef77cd9e89dc549d31aead7c13387236,GS1_NL,"Doe-het-zelf, tuin & dier",,https://www.gs1.nl/sectoren/doe-het-zelf-tuin-dier/,https://www.gs1.nl/kennisbank/,,,,,2026-01-29
6b62e126e336934c7a9908ad7e05aa1e2b4ca6cbbd573adc3c5e3011906fdc8c,GS1_NL,Gezondheidszorg,,https://www.gs1.nl/sectoren/gezondheidszorg/,https://www.gs1.nl/kennisbank/,,,,,2026-01-29
9a56de0423a2643dac9f7870e81ed784664b5ec6307c02e9cd471c7a10c32700,GS1_NL,Agrarisch & vers,,https://www.gs1.nl/sectoren/agrarisch-vers/,https://www.gs1.nl/kennisbank/,,,,,2026-01-29
ef567910274a615788ef2541f606fd169d4e5a773f0400cba46349d999d45db2,GS1_NL,Mode & textiel,,https://www.gs1.nl/sectoren/mode-textiel/,https://www.gs1.nl/kennisbank/,,,,,2026-01-29
526ea8175c0dc49ad47fe33434da1bdc0c0ea521d06b2c73a19e4463c6d6562f,GS1_NL,Bouw & installatie,,https://www.gs1.nl/sectoren/bouw-installatie/,https://www.gs1.nl/kennisbank/,,,,,2026-01-29
c7f6b3bd87a3c95f976a09fb63dbc8d131073f561b74aff96b2a444876317f68,GS1_NL,Marketplaces & e-commerce,,https://www.gs1.nl/sectoren/marketplaces-e-commerce/,https://www.gs1.nl/kennisbank/,,,,,2026-01-29
2ab7ec6a26e6e7222b010c89df4aab45673ddef5dec7655201353f63bbafc483,GS1_NL,Inloggen in GS1 Data Source,,https://www.gs1.nl/kennisbank/gs1-datapools-overzicht/inloggen-webinterface/,https://www.gs1.nl/kennisbank/,,,,,2026-01-29
233633ba2656b01b27103f02da94a569d0c414c03da007c462b3e0de0796a2b6,GS1_NL,Verkopen via bol?,,https://www.gs1.nl/verkopen-via-bol/,https://www.gs1.nl/kennisbank/,,,,,2026-01-29
2336e2615b8f63379c4362521711fc93422efa1f075080b459832969e88d9f57,GS1_NL,Trainingen & webinars,,https://www.gs1.nl/kennisbank/trainingen-en-webinars/,https://www.gs1.nl/kennisbank/,,,,,2026-01-29
be6346afc859ff9aa8fe9f57f5c2bb872a4809a0ad0b2a0ab2cd9f60403290e2,GS1_NL,Thema's,,https://www.gs1.nl/themas/,https://www.gs1.nl/kennisbank/,,,,,2026-01-29
ee5f427a0fe73b815bb84138b9e6d2662165449b86daaceec0f0fc77718d23de,GS1_NL,Voedselverspilling tegengaan,,https://www.gs1.nl/themas/voedselverspilling-tegengaan/,https://www.gs1.nl/kennisbank/,,,,,2026-01-29
c005f1bb05341f398d28055b9e598a42fe6a9c97e62e78f83390872dc0eb008b,GS1_NL,Duurzaamheidswetgeving,,https://www.gs1.nl/themas/duurzaamheidswetgeving/,https://www.gs1.nl/kennisbank/,,,,,2026-01-29
d1ac88fd429df59c216a7f9c9dfecf289582b0fea693c91cc6dec73cdbfdf1f4,GS1_NL,Certificaten over duurzaamheid checken,,https://www.gs1.nl/themas/duurzaamheidswetgeving/certificaten-over-duurzaamheid-checken/,https://www.gs1.nl/kennisbank/,,,,,2026-01-29
1de463c4e78ff59abd04eaa90d458bdb3f14aa5987ffe74e6edc00322292e344,GS1_NL,Verpakkingsdata,,https://www.gs1.nl/themas/verpakkingsdata/,https://www.gs1.nl/kennisbank/,,,,,2026-01-29
2c32db5b012f21de5de0942296b4a39a4147f82706c2d66aff3149077f67dfff,GS1_NL,Met één QR-code al je doelgroepen bereiken,,https://www.gs1.nl/themas/met-een-qr-code-al-je-doelgroepen-bereiken/,https://www.gs1.nl/kennisbank/,,,,,2026-01-29
865d84684dbd3ef5756539d902a5de0402e7b6fad32bf7694ac6b92dc563b01a,GS1_NL,Praktijkverhalen,,https://www.gs1.nl/themas/met-een-qr-code-al-je-doelgroepen-bereiken/praktijkverhalen/,https://www.gs1.nl/kennisbank/,,,,,2026-01-29
de891baf5b225a44ca6e2d2bc67f619d71dc1c3e13f995e0babe43c3344ffddc,GS1_NL,Support om aan de slag te gaan,,https://www.gs1.nl/themas/met-een-qr-code-al-je-doelgroepen-bereiken/support-om-aan-de-slag-te-gaan/,https://www.gs1.nl/kennisbank/,,,,,2026-01-29
1bd7e78ccf67363412e6c9fb6932dfe17d33baf8f3cca5ec560838bc10125e4e,GS1_NL,Webinars QR Code powered by GS1,,https://www.gs1.nl/themas/met-een-qr-code-al-je-doelgroepen-bereiken/webinars-qr-code-powered-by-gs1/,https://www.gs1.nl/kennisbank/,,,,,2026-01-29
f4d6c8bad249e268795577239f2f9947b9efed89ea40ad8c703db4e4dfe25c63,GS1_NL,GS1 Digital Link,,https://www.gs1.nl/themas/met-een-qr-code-al-je-doelgroepen-bereiken/gs1-digital-link/,https://www.gs1.nl/kennisbank/,,,,,2026-01-29
4ad7bc2c95483c771dc0f1d66b23aacf0ccfd8662260a93ceb5e55a109ca3b51,GS1_NL,Digital Product Passport,,https://www.gs1.nl/themas/duurzaamheidswetgeving/espr/,https://www.gs1.nl/kennisbank/,,,,,2026-01-29
2fbc9e6cfa2062c590462798078f7bda30855d3d877ac470a23df2d588e18b9d,GS1_NL,GS1 in actie,,https://www.gs1.nl/gs1-in-actie/,https://www.gs1.nl/kennisbank/,,,,,2026-01-29
868973f460eb487e3c77b8303f65af16be45179d07658d287382e1f2cf2d6b35,GS1_NL,Nieuws en events,,https://www.gs1.nl/gs1-in-actie/nieuws-en-events/,https://www.gs1.nl/kennisbank/,,,,,2026-01-29
31bee2d431d2dad9e46afbebefb489f5639662ff332ad5697b5792f5edb1956a,GS1_NL,Nieuws,,https://www.gs1.nl/gs1-in-actie/nieuws-en-events/nieuws/,https://www.gs1.nl/kennisbank/,,,,,2026-01-29
7346866c7942df2053a092388fd316d71d5f59a1d67cadeda3576c727ae7f39c,GS1_NL,Events,,https://www.gs1.nl/gs1-in-actie/nieuws-en-events/events/,https://www.gs1.nl/kennisbank/,,,,,2026-01-29
635d5338fb61641540904f9b2fabd21b7856cb0758fea568ab441aa25a18f78e,GS1_NL,Webinars,,https://www.gs1.nl/gs1-in-actie/nieuws-en-events/webinars/,https://www.gs1.nl/kennisbank/,,,,,2026-01-29
1950b542c116b9a8eee01dd2dc729acf4ad62981c2078d4835828c56a631954b,GS1_NL,GS1 in de media,,https://www.gs1.nl/gs1-in-actie/nieuws-en-events/gs1-in-de-media/,https://www.gs1.nl/kennisbank/,,,,,2026-01-29
0bbf281e4e68050864344883ef95c193a8de87ffd29b73073f6865682dcc51fd,GS1_NL,Podcasts,,https://www.gs1.nl/gs1-in-actie/nieuws-en-events/podcasts/,https://www.gs1.nl/kennisbank/,,,,,2026-01-29
5f03e2ed2cdc6590919a7ee19d83c6e8e0c34cc25c8d31ed4dcf1eff8fdbc072,GS1_NL,Over GS1,,https://www.gs1.nl/over-gs1/,https://www.gs1.nl/kennisbank/,,,,,2026-01-29
978065a279e35806773c28f1e86b571a7e4284220aa85997842d803b4a88e721,GS1_NL,Over GS1 Nederland,,https://www.gs1.nl/over-gs1/over-gs1-nederland/,https://www.gs1.nl/kennisbank/,,,,,2026-01-29
0c7be6b7c8b206b8df4658e45e5bc65aefefd4e75aaaff42e6f158b80e7ebe21,GS1_NL,Samen complexe vraagstukken aanpakken,,https://www.gs1.nl/over-gs1/over-gs1-nederland/samen-complexe-vraagstukken-aanpakken/,https://www.gs1.nl/kennisbank/,,,,,2026-01-29
2e9c63089e9ec03d323df7d01bdc87ed232eb8a35d393eaf6950a9d796f4e55e,GS1_NL,Met wie GS1 samenwerkt,,https://www.gs1.nl/over-gs1/over-gs1-nederland/met-wie-gs1-samenwerkt/,https://www.gs1.nl/kennisbank/,,,,,2026-01-29
0465e58f4bb6b57d8a9ea88efad33500de2b4146a281793dbe870ad0db3eac3b,GS1_NL,Werken bij,,https://www.gs1.nl/over-gs1/werken-bij/,https://www.gs1.nl/kennisbank/,,,,,2026-01-29
c2ed85d5d7a29fd5cd6412986c20c431552be4df36c992efeff5dd534c21ec3d,GS1_NL,Accountmanager Healthcare,,https://www.gs1.nl/over-gs1/werken-bij/accountmanager-healthcare/,https://www.gs1.nl/kennisbank/,,,,,2026-01-29
3ed4c8ee1f776f402967dcfae52ed18ad205c9e47a3384dc9414340be48334cf,GS1_NL,Senior Software ontwikkelaar,,https://www.gs1.nl/over-gs1/werken-bij/senior-software-ontwikkelaar/,https://www.gs1.nl/kennisbank/,,,,,2026-01-29
87b561599aac8c445fb0ea1fb53990031dd5e3c342534b93b0a06c0e36677ec3,GS1_NL,Barcodes,,https://www.gs1.nl/over-gs1/support/barcodes/,https://www.gs1.nl/kennisbank/,,,,,2026-01-29
18084503426d5879871bfb051e9b555a85244ac2b7342aeac3d03c75c940b2da,GS1_NL,GS1 Data Source,,https://www.gs1.nl/over-gs1/support/gs1-data-source/,https://www.gs1.nl/kennisbank/,,,,,2026-01-29
732e03d88b84212a6be3195ae9c59c60e2da8139ee66e751aa19e47611d7fcf3,GS1_NL,MijnGS1,,https://www.gs1.nl/over-gs1/support/mijngs1/,https://www.gs1.nl/kennisbank/,,,,,2026-01-29
a870d5068e569dd6039b0063f88fc86a0556a44fd78baa4c6061ed7595225165,GS1_NL,Administratieve zaken,,https://www.gs1.nl/over-gs1/support/administratieve-zaken/,https://www.gs1.nl/kennisbank/,,,,,2026-01-29
88bae5c774805fff9a88ffb25757debcfe0e9143fd2d847b67fad73ee4c417a7,GS1_NL,Contact,,https://www.gs1.nl/over-gs1/support/contact/,https://www.gs1.nl/kennisbank/,,,,,2026-01-29
4717002ecc6fbdc9f38961fba9ef25a88a3451d2751739713b9aad52b335bf69,GS1_NL,Frug I Com,,https://www.gs1.nl/over-gs1/support/frug-i-com/,https://www.gs1.nl/kennisbank/,,,,,2026-01-29
5226f7a0a7970a605020d4bd138916fd45183981cab2a900de35cd054911738e,GS1_NL,"GS1 barcodes, EAN, GTIN",,https://www.gs1.nl/kennisbank/gs1-barcodes-ean-gtin/,https://www.gs1.nl/kennisbank/,,,,,2026-01-29
1b2d7c70f392cde08ea9496e63eb58e8d4a4e5c4cc63b913d9264e29d76b0901,GS1_NL,Aan de slag met de QR Code powered by GS1,,https://www.gs1.nl/kennisbank/gs1-barcodes-ean-gtin/aan-de-slag-met-de-qr-code-powered-by-gs1/,https://www.gs1.nl/kennisbank/,,,,,2026-01-29
0c3ef0a41709b7e28067188f72f9d0f20d29680707d7f60a4014235aa88693f5,GS1_NL,Barcode symbolen,,https://www.gs1.nl/kennisbank/gs1-barcodes-ean-gtin/barcode-symbolen/,https://www.gs1.nl/kennisbank/,,,,,2026-01-29
4b119b21fb187028db11cb73d0a1313612b9019c472a44cf1095104d7deef689,GS1_NL,Controlecijfer berekenen,,https://www.gs1.nl/kennisbank/gs1-barcodes-ean-gtin/controlecijfer-berekenen/,https://www.gs1.nl/kennisbank/,,,,,2026-01-29
d8fe8d0da867eb6d84586f9275078f2b871b5f7a62785790479536b9e2e85b03,GS1_NL,Barcode testen,,https://www.gs1.nl/kennisbank/gs1-barcodes-ean-gtin/barcode-testen/,https://www.gs1.nl/kennisbank/,,,,,2026-01-29
82d45789b4d120ff7f6b139176ad988af6f18a17c46d51e52532c8563f63844f,GS1_NL,GS1 Data Source,,https://www.gs1.nl/kennisbank/gs1-data-source/,https://www.gs1.nl/kennisbank/,,,,,2026-01-29
1aec364aa5b5dd262f1e06b7ed0f5d02e4eee7e7010f86e7d995d370e527cf31,GS1_NL,Levensmiddelen & drogisterij,,https://www.gs1.nl/kennisbank/gs1-data-source/levensmiddelen-drogisterij/,https://www.gs1.nl/kennisbank/,,,,,2026-01-29
bdf718905c054d5e39895fe6dbde6526ad6acfc71eceb318ff8943e60c9d06c6,GS1_NL,"Doe-het-zelf, tuin & dier",,https://www.gs1.nl/kennisbank/gs1-data-source/doe-het-zelf-tuin-dier/,https://www.gs1.nl/kennisbank/,,,,,2026-01-29
b36b51ef69f990106efaffd472e98b90eb7320a8c3ee941ccc0c50eba84a172a,GS1_NL,Gezondheidszorg,,https://www.gs1.nl/kennisbank/gs1-data-source/gezondheidszorg/,https://www.gs1.nl/kennisbank/,,,,,2026-01-29
55317f4781653159118ce4141c88e75b2d669ec189635218ee923001868378e3,GS1_NL,Agrarisch & vers,,https://www.gs1.nl/kennisbank/gs1-data-source/agrarisch-vers/,https://www.gs1.nl/kennisbank/,,,,,2026-01-29
989cfd8e901c9d54b1f4b06811ed5970556da7a7db0abe8e5f186b4c60e29eb4,GS1_NL,GS1 PAC,,https://www.gs1.nl/kennisbank/gs1-pac/,https://www.gs1.nl/kennisbank/,,,,,2026-01-29
228536376743bd12a2ad37e3f7279d54da66fddefbe759450bd2a073203955bf,GS1_NL,Veldenlijst,,https://www.gs1.nl/kennisbank/gs1-pac/veldenlijst/,https://www.gs1.nl/kennisbank/,,,,,2026-01-29
b11d35fc893a9c65f69d81f95c9e3c12ecc2cf0edc0fd32630b96690a3072a66,GS1_NL,Instructievideo's,,https://www.gs1.nl/kennisbank/gs1-pac/instructievideos/,https://www.gs1.nl/kennisbank/,,,,,2026-01-29
daa2f8af6bde63f568eb38e1ff3fd4638f6352ad460ac560105c5639b20928a4,GS1_NL,GS1 EDI,,https://www.gs1.nl/kennisbank/gs1-edi/,https://www.gs1.nl/kennisbank/,,,,,2026-01-29
c6ac2f67014f15ba6d06012af16bc222f7350f95123edcafb0c64b4ea8f8af1b,GS1_NL,Aan de slag met GS1 EDI,,https://www.gs1.nl/kennisbank/gs1-edi/aan-de-slag-met-gs1-edi/,https://www.gs1.nl/kennisbank/,,,,,2026-01-29
13e6e8b23356e83be4e61e2e5310963c35c5f4962df05d6ef4cf4423777dca96,GS1_NL,Testservice voor EDI berichten,,https://www.gs1.nl/kennisbank/gs1-edi/testservice-voor-edi-berichten/,https://www.gs1.nl/kennisbank/,,,,,2026-01-29
275ed6cedf88b801e2b337e4e2f7ce76c108ac618e176c0f900437e501c8424c,GS1_NL,GS1 EDI handleidingen,,https://www.gs1.nl/kennisbank/gs1-edi/gs1-edi-handleidingen/,https://www.gs1.nl/kennisbank/,,,,,2026-01-29
6b15ac19dc6a2e32a90c5c0c21de192bd762e5d9cf6732ce26c921eb032d6d3f,GS1_NL,Efficiënte supply chain,,https://www.gs1.nl/kennisbank/efficiente-supply-chain/,https://www.gs1.nl/kennisbank/,,,,,2026-01-29
5689fe48273c7ed93d34086c3b930e5f13957ad58b95bb0577cd011fa31a59f7,GS1_NL,GS1 label,,https://www.gs1.nl/kennisbank/efficiente-supply-chain/gs1-label/,https://www.gs1.nl/kennisbank/,,,,,2026-01-29
2c3e15554b6da89a1391a7b2ea2746777478cc9e4abd0b6d0d4351702ec6dff2,GS1_NL,GS1 verzendbericht,,https://www.gs1.nl/kennisbank/efficiente-supply-chain/gs1-verzendbericht/,https://www.gs1.nl/kennisbank/,,,,,2026-01-29
c84ee1d187bbcbe8dc53cecdd00e0b1d78c3ec1f46bc1b4db9e320c940dee90c,GS1_NL,Aanleveren geautomatiseerd DC,,https://www.gs1.nl/kennisbank/efficiente-supply-chain/aanleveren-geautomatiseerd-dc/,https://www.gs1.nl/kennisbank/,,,,,2026-01-29
de5ffb4f92f97761ad85031e4d94ed58a0050a17345fa6915f3e343f1cecd4a7,GS1_NL,Wetgeving in de gezondheidszorg,,https://www.gs1.nl/kennisbank/wetgeving-in-de-gezondheidszorg/,https://www.gs1.nl/kennisbank/,,,,,2026-01-29
5aed07f60ba21e61d7dee0f578f8d3c3d66dba00c8e402eee3ece1ac676ce3bc,GS1_NL,MDR/IVDR,,https://www.gs1.nl/kennisbank/wetgeving-in-de-gezondheidszorg/mdrivdr/,https://www.gs1.nl/kennisbank/,,,,,2026-01-29
8e7e1c9aa717b98f6b8f8a6242d33f47153bf8580cd7ed01f649a1c0c8541961,GS1_NL,Landelijk Implantaten Register,,https://www.gs1.nl/kennisbank/wetgeving-in-de-gezondheidszorg/landelijk-implantaten-register/,https://www.gs1.nl/kennisbank/,,,,,2026-01-29
7e7b1a35602713e6c694dd2bb28eea78bb49d84099d00cbe093dfc0e96ebed7c,GS1_NL,Food and Drug Administration,,https://www.gs1.nl/kennisbank/wetgeving-in-de-gezondheidszorg/food-and-drug-administration/,https://www.gs1.nl/kennisbank/,,,,,2026-01-29
9ac6ceddd639aac59c0df88c8be278a5197242ea4578d77adbe807477a24985c,GS1_NL,Kennismaken met barcodes,,https://www.gs1.nl/kennisbank/trainingen-en-webinars/kennismaken-met-barcodes/,https://www.gs1.nl/kennisbank/,,,,,2026-01-29
329f62e931d45eb06cdd5691a889a1ee01c88aa2adf6199afd49a8c4cad2eb55,GS1_NL,Webinar: Starten met de QR Code powered by GS1,,https://www.gs1.nl/kennisbank/trainingen-en-webinars/webinar-starten-met-de-qr-code-powered-by-gs1/,https://www.gs1.nl/kennisbank/,,,,,2026-01-29
f23999af993dae398ad887832c97d488dc4e0a44138851bdd1b62a6d0231d4be,GS1_NL,Release-informatie,,https://www.gs1.nl/kennisbank/gs1-datapools-overzicht/releases-sectoren/,https://www.gs1.nl/kennisbank/,,,,,2026-01-29
35c39bd6c68e776f79147973d202760955805864f5408d81f73d6f98b9f96ff1,GS1_NL,Partners,,https://www.gs1.nl/partners/,https://www.gs1.nl/kennisbank/,,,,,2026-01-29
2c9b91fc2fe8a4cd693d1bbaac21efb2cb646e715303b519ab3958ef4517cf94,GS1_NL,Het GS1 Partnerprogramma,,https://www.gs1.nl/partners/het-gs1-partnerprogramma/,https://www.gs1.nl/kennisbank/,,,,,2026-01-29
45a630f3f9c2ea6691dbee144999cd18079827990c62d1eacc0afff4e4e53f6e,GS1_NL,Word Partner,,https://www.gs1.nl/partners/het-gs1-partnerprogramma/word-partner/,https://www.gs1.nl/kennisbank/,,,,,2026-01-29
abf567f715a723faf0cb28fd6b1c5a0b3ab37a0f0f9b5c68285d6e7c7d96e1ba,GS1_NL,Veelgestelde vragen,,https://www.gs1.nl/partners/het-gs1-partnerprogramma/veelgestelde-vragen/,https://www.gs1.nl/kennisbank/,,,,,2026-01-29
555ec509cfd22c7ca2d0423f5700efc79731f6466e7701747674e98aa237d0c5,GS1_NL,Partner Finder,,https://www.gs1.nl/partners/partner-finder/,https://www.gs1.nl/kennisbank/,,,,,2026-01-29
23c632959a8ade85540f1b1ce6bf6a3d58393cfe0e62099232412a5c54c63e00,GS1_NL,Barcode symbolen maken,,https://www.gs1.nl/kennisbank/gs1-barcodes-ean-gtin/streepjescodes/barcode-symbolen/,https://www.gs1.nl/kennisbank/,,,,,2026-01-29
f01fd6c17fddfacb161e87319bd85bb68490b7c69b28485998a4ed79299195bb,GS1_NL,Codes opzoeken,,https://www.gs1.nl/producten-services/codes-verifieren/verified-by-gs1/,https://www.gs1.nl/kennisbank/,,,,,2026-01-29
4d0e4574dea0379a4e11fb107653eac4c788194d213b8780514efbbc56aa2a06,GS1_NL,GS1 Data Source - Instructievideo's voor leveranciers,,https://www.gs1.nl/kennisbank/gs1-datapools-overzicht/hoe-werkt-de-webinterface-voor-leveranciers/,https://www.gs1.nl/kennisbank/,,,,,2026-01-29
ee7c7f4abb296bb3a8d0cd6877b6e6c7d75b4c6a138eb6576f11540ef4718bf7,GS1_NL,"Trainingen doe-het-zelf, tuin & dier",,https://www.gs1.nl/kennisbank/gs1-data-source/doe-het-zelf-tuin-dier/trainingen-en-webinars/,https://www.gs1.nl/kennisbank/,,,,,2026-01-29
e548182b7e9f508254c5c2f64da320cda2fd5a9b4d1e59723614e659480f3a5e,GS1_NL,Data Services,,https://www.gs1.nl/data-services/,https://www.gs1.nl/kennisbank/,,,,,2026-01-29
bda1c8248db0376893f6238cd61f4c27a1397fa92dbdc5c33e882c628fb15f94,GS1_NL,Aanmelden nieuwsbrief,,https://www.gs1.nl/gs1-in-actie/nieuws-en-events/aanmelden-nieuwsbrief/,https://www.gs1.nl/kennisbank/,,,,,2026-01-29
2238aca53f774448b41a9e4b15b54363bee02aad2d6a306b7ac39665c10bf980,GS1_NL,Algemene voorwaarden,,https://www.gs1.nl/algemene-voorwaarden/,https://www.gs1.nl/kennisbank/,,,,,2026-01-29
2b6049ed499fbb117fba56fed95d41f90016fa581438b658beaa4813d8e3dd13,GS1_NL,Privacy,,https://www.gs1.nl/kennisbank/privacyverklaring/,https://www.gs1.nl/kennisbank/,,,,,2026-01-29
fe037fa95f9d91d734da4437b90bd1d19fc60342a09eee4756696bf82c7cc5f5,GS1_NL,document_media_root,,https://www.gs1.nl/media/,https://www.gs1.nl/media/,,,,,2026-01-29
3c54de24d63396ef06faab6b26a5d815afcf97463d9716787afa3ec2ea20d72a,GS1_EUROPE,publications_index,,https://gs1.eu/publications/,https://gs1.eu/publications/,,,,,2026-01-29
946d21af1568e553772db9f97a47f050f75c657d248b2919a5e255ba020cb917,GS1_EUROPE,,,https://gs1.eu/,https://gs1.eu/publications/,,,,,2026-01-29
7e49d00a06cf301019e60c2db9030f2de89b3c27d3f8ba20d796a3c4de4102ba,GS1_EUROPE,Contact Us,,https://gs1.eu/contact-us/,https://gs1.eu/publications/,,,,,2026-01-29
f9ff6dcb4e0f096946e99d7f41dd19553705fc97a94fdeb263193f3940000c95,GS1_EUROPE,Get a Barcode,,https://gs1.eu/gs1-in-europe-member-organisations/,https://gs1.eu/publications/,,,,,2026-01-29
ff1dea3969c0ef921c722e52c82a06004e31f35e01109823d245b17da9c94822,GS1_EUROPE,Login,,https://gs1.eu/my-account/,https://gs1.eu/publications/,,,,,2026-01-29
a3a51a158804ab26d14473ee490ed34a53c28e8ad2c2a59e6f2d80d5803c309b,GS1_EUROPE,Regulations and Trends,,https://gs1.eu/regulations-and-trends/,https://gs1.eu/publications/,,,,,2026-01-29
d2970558f03af97d0362af21db3060f66da4aed841d82a8efeae18ecaa0d8087,GS1_EUROPE,EU Circular Economy,,https://gs1.eu/regulations-and-trends/eu-circular-economy/,https://gs1.eu/publications/,,,,,2026-01-29
1ca6d0ab21b1124ea866f6ea9d6292db9b306df650fdd23ac9760800d5b8b661,GS1_EUROPE,Corporate Sustainability Reporting Directive,,https://gs1.eu/activities/csrd-gs1-standards-white-paper/,https://gs1.eu/publications/,,,,,2026-01-29
1a37fb972a22923c072dfcc1fd75a98f65f39146e5d26066f1cb8f11756a522f,GS1_EUROPE,Deforestation Regulation using GS1 Standards,,https://gs1.eu/activities/deforestation-regulation-using-gs1-standards/,https://gs1.eu/publications/,,,,,2026-01-29
32e13f95ae9422972aaa0e06555e87f2886c4560e1b2e4ee5831a2864ab9f903,GS1_EUROPE,Digital Product Passport Powered by GS1 Standards,,https://gs1.eu/activities/digital-product-passport/,https://gs1.eu/publications/,,,,,2026-01-29
8ab352ce83f9c61bcfbc55bfb732e4dc18f78418ae4db7e11fa4f5ecfd1d4327,GS1_EUROPE,Green Deal,,https://gs1.eu/activities/green-deal/,https://gs1.eu/publications/,,,,,2026-01-29
e98d84e7522f0fa035bfd8611618b0d6e3d6136237199e7d3eff2643a565b79c,GS1_EUROPE,Circular Textile,,https://gs1.eu/activities/circular-textile/,https://gs1.eu/publications/,,,,,2026-01-29
245e475246b5febe193cf8addb5abc6bf26f129f54a5559d3666f767fee60f10,GS1_EUROPE,EU Data Economy,,https://gs1.eu/regulations-and-trends/eu-data-economy/,https://gs1.eu/publications/,,,,,2026-01-29
38426a8fa0e3cf4d8de1e623aeaa5c4c5c40fba63e66f3ae8780914992d22ff2,GS1_EUROPE,New EU Data Governance Act,,https://gs1.eu/activities/new-eu-data-acts/,https://gs1.eu/publications/,,,,,2026-01-29
4583b2e0eb78f95bc24b5bdacfecff35de33b936f4422a23494f23733422b525,GS1_EUROPE,Anti-counterfeiting,,https://gs1.eu/regulations-and-trends/anti-counterfeiting/,https://gs1.eu/publications/,,,,,2026-01-29
3466371f72aae455d9d63e3cafe5062f3f9c56a7c332d923de417a45fcbaca92,GS1_EUROPE,Fighting Illicit Trade,,https://gs1.eu/activities/fighting-illicit-trade/,https://gs1.eu/publications/,,,,,2026-01-29
935e7f2cbd0de0456b7ffcf11173ac7cab07c00578eeca57a656b85224f9671b,GS1_EUROPE,Sustainable Consumer Goods,,https://gs1.eu/regulations-and-trends/sustainable-consumer-goods/,https://gs1.eu/publications/,,,,,2026-01-29
9d908021d36ccc83761fea3dddd2ed6526dd7e06a0d15d7d089454766214fc89,GS1_EUROPE,Marketplaces,,https://gs1.eu/activities/marketplaces/,https://gs1.eu/publications/,,,,,2026-01-29
21b707335208697e140dfa06faf58c7550b97b89ce7aa0b95c27ee98c90718f3,GS1_EUROPE,Packaging,,https://gs1.eu/activities/packaging/,https://gs1.eu/publications/,,,,,2026-01-29
6747ab074e6f6f07b1752f6770add37a8c1cae816dbed79482d2b9bf493a1008,GS1_EUROPE,Food,,https://gs1.eu/regulations-and-trends/food/,https://gs1.eu/publications/,,,,,2026-01-29
e41968c6379d1c36c878abb9352f52f709fa49b922c499fa0a0836b5ed44c0fa,GS1_EUROPE,Alcoholic Beverages,,https://gs1.eu/activities/alcoholic-beverages/,https://gs1.eu/publications/,,,,,2026-01-29
46ed9f81dd0c8035656c7759b4112521aff77b308fb603f97df2d8f3a93e2797,GS1_EUROPE,Sectors and Industries,,https://gs1.eu/sectors-and-industries/,https://gs1.eu/publications/,,,,,2026-01-29
38b7568053e6b3459c323e45652d096f443d82bdd8576f5a766bfe704c945b5f,GS1_EUROPE,Food,,https://gs1.eu/sectors-and-industries/food/,https://gs1.eu/publications/,,,,,2026-01-29
8f50f88b5bd57a5406b107e981aba917ee063335dd9418175140a0d041141759,GS1_EUROPE,B2B2C,,https://gs1.eu/activities/b2b2c/,https://gs1.eu/publications/,,,,,2026-01-29
cb84218a78ac36d97196f0f3eeb0bce5cda7c0a8ac456b8bee608b3ff82b2c5d,GS1_EUROPE,EU 1169 and Food Labelling,,https://gs1.eu/activities/eu-1169-and-food-labeling/,https://gs1.eu/publications/,,,,,2026-01-29
b0ecce1f4a97e7a1248efd8a82558675fe90b62e1a9babb097c2ecc42613bce6,GS1_EUROPE,Fruit and Vegetables,,https://gs1.eu/activities/fruit-and-vegetables/,https://gs1.eu/publications/,,,,,2026-01-29
e298641ca1890846b045666a62c0e305e18da03e70291998c07b5c2d46307187,GS1_EUROPE,Global Data Model,,https://gs1.eu/activities/global-data-model/,https://gs1.eu/publications/,,,,,2026-01-29
65829e3beed98bfdf82d0e8425e1cafc56ca37951ceab0c47d4d60e47b566137,GS1_EUROPE,Non Food,,https://gs1.eu/sectors-and-industries/non-food/,https://gs1.eu/publications/,,,,,2026-01-29
653062367d042796f82c9b2b050ab729219f1a055abc822c07ff0e7b84935060,GS1_EUROPE,Batteries,,https://gs1.eu/activities/batteries/,https://gs1.eu/publications/,,,,,2026-01-29
192760ce93110eff9ed69c57d9ace7e1ca7098cb4f37cb49e41e9c3d72aad5f1,GS1_EUROPE,"DIY, Garden & Pet",,https://gs1.eu/activities/diy-garden-pet/,https://gs1.eu/publications/,,,,,2026-01-29
64f7147e597a4e5d775f583580bc4f3634ac2eb5aa4287462a7522a097882d69,GS1_EUROPE,Agriculture,,https://gs1.eu/sectors-and-industries/agriculture/,https://gs1.eu/publications/,,,,,2026-01-29
894605f2a6884bf2c44713e9f3f4fd7b1fbec4a606caa7bdba9ba07ea61b4f3f,GS1_EUROPE,Agriculture Upstream,,https://gs1.eu/activities/agriculture-upstream/,https://gs1.eu/publications/,,,,,2026-01-29
182316ae25170e2a8a45ca5f3751649c8d79e579db196da7131005fb8ff6691a,GS1_EUROPE,Healthcare,,https://gs1.eu/sectors-and-industries/healthcare/,https://gs1.eu/publications/,,,,,2026-01-29
dce32bf87d51a7e1d2c076045ce8a865e89dd3b9902c85d3a8b6200c870b28d0,GS1_EUROPE,Extending the Collaboration of Healthcare Organisations (ECHO),,https://gs1.eu/activities/echo/,https://gs1.eu/publications/,,,,,2026-01-29
d1b9eb1cb98abad22479d14984390eae4dd2a87ba41c8f5463b06b1be314a9c5,GS1_EUROPE,Unique Device Identification (UDI),,https://gs1.eu/activities/udi/,https://gs1.eu/publications/,,,,,2026-01-29
890db6e21feee767e6105067aa1386346bcd3d2c0882d1f386b34aa7680763fd,GS1_EUROPE,Transport & Logistics,,https://gs1.eu/sectors-and-industries/transport-logistics/,https://gs1.eu/publications/,,,,,2026-01-29
37506ceca59112390596ff07ee10bc107522c50f0a71d8e37270ced70962082d,GS1_EUROPE,Last Mile Delivery,,https://gs1.eu/activities/last-mile-delivery/,https://gs1.eu/publications/,,,,,2026-01-29
ab4b6a00fed58836b4ed630ef898bf2e8257a279a4612e0e7bc39aee641b036f,GS1_EUROPE,Technical Industries,,https://gs1.eu/sectors-and-industries/technical-industries/,https://gs1.eu/publications/,,,,,2026-01-29
0a16b408a0575d040a4a6e342c9ca4e5730afa24b5cb617c72540d38a5bce380,GS1_EUROPE,Construction,,https://gs1.eu/activities/construction/,https://gs1.eu/publications/,,,,,2026-01-29
ca7167f5a83293503a6ce2eb2c50f6d23098312390c3aeb64ecd09ae437f5bb5,GS1_EUROPE,Finance,,https://gs1.eu/sectors-and-industries/finance/,https://gs1.eu/publications/,,,,,2026-01-29
cc7ce12056bd97212fd3b96396c92bdf2f9a9d5624cf54f858f269f4a7b6c015,GS1_EUROPE,Cash Handling,,https://gs1.eu/activities/cash-handling/,https://gs1.eu/publications/,,,,,2026-01-29
15942e398437867da83adcfdba9bcfbabb2c8bbc72ca23c575768e7699d6c053,GS1_EUROPE,Marketplaces,,https://gs1.eu/sectors-and-industries/marketplaces/,https://gs1.eu/publications/,,,,,2026-01-29
0f7d1f948ffa2933087eb7d30d3fe0c7f7611904c72bdd5b5ee9f336de207e88,GS1_EUROPE,Working with Marketplaces,,https://gs1.eu/activities/working-with-marketplaces/,https://gs1.eu/publications/,,,,,2026-01-29
8560d6fa910f9bb91979d3210245ba63834b97c8ff637d1b63ae0d64c7e43f17,GS1_EUROPE,Tools and Services,,https://gs1.eu/tools-and-services/,https://gs1.eu/publications/,,,,,2026-01-29
aae1e02d6389a747c1e9d5891e59feb2879e7161df85a5c3b31f95102baa258f,GS1_EUROPE,GS1 in Europe Solutions,,https://gs1.eu/tools-and-services/gs1-in-europe-solutions/,https://gs1.eu/publications/,,,,,2026-01-29
aae1b16f804961f910f84a0b1d01f46d8a52c50d2644bd285b8a2d72b5d8a6c7,GS1_EUROPE,GS1 User Story,,https://gs1.eu/activities/gs1-user-story/,https://gs1.eu/publications/,,,,,2026-01-29
ab334c5b02e0c8c932577c0477f118495d785b4dbbf82cb019ea91c4714e48a0,GS1_EUROPE,Next-generation barcodes. One scan. Infinite possibilities,,https://gs1.eu/activities/2d-barcodes/,https://gs1.eu/publications/,,,,,2026-01-29
80ee5c0d70802f08de04e6de3cd6d0aea56c2551ee869031726715edc5e21e04,GS1_EUROPE,GS1 Picture It!,,https://gs1.eu/activities/gs1-picture-it-2/,https://gs1.eu/publications/,,,,,2026-01-29
304e9d242efb90e3c3f34138d2a55ca3ba684d2e75c31d3dece49a157a8dfa9c,GS1_EUROPE,GS1 Print,,https://gs1.eu/activities/gs1-picture-it-how-to-implement-it/,https://gs1.eu/publications/,,,,,2026-01-29
2ab1b9af7b0a86d5465a258a11fe0d3cc410daaa14c9ca3468055df9f4f6bb04,GS1_EUROPE,GS1 Registries,,https://gs1.eu/tools-and-services/gs1-registries/,https://gs1.eu/publications/,,,,,2026-01-29
1a060656140a92dcf9439c96509eca30882014771a4bebd08b9f59ed84d37ec1,GS1_EUROPE,Verified by GS1,,https://gs1.eu/activities/verified-by-gs1/,https://gs1.eu/publications/,,,,,2026-01-29
8de06c6ea9b7b5a8b3cd433e9e8b4af032d3406b0d3589bb2ca107b96eff094c,GS1_EUROPE,Data excellence,,https://gs1.eu/tools-and-services/data-excellence/,https://gs1.eu/publications/,,,,,2026-01-29
bb7c1d74f07a3ccb6aac7044156bfe319d15c4cfd7d93e5a287ab71163800d69,GS1_EUROPE,About Us,,https://gs1.eu/about-us/,https://gs1.eu/publications/,,,,,2026-01-29
45dbdfc14e15569210f494a34e6588af03491ef46dbd5572088de48a5d120433,GS1_EUROPE,Board Members,,https://gs1.eu/about-us/board-members/,https://gs1.eu/publications/,,,,,2026-01-29
050fd1c113da649c045eb06b7daa9ad4ce0f3ab2da9e6bf90b2edcdf511a1ae5,GS1_EUROPE,Regional Executive Committee,,https://gs1.eu/about-us/regional-executive-committee/,https://gs1.eu/publications/,,,,,2026-01-29
a2b432d6d45458417260cd030b26714450c860388b563acd0934c55cafb4b4e4,GS1_EUROPE,Team,,https://gs1.eu/about-us/team/,https://gs1.eu/publications/,,,,,2026-01-29
4d166f3576f463fbfd1ad782a4a644e2b61cc4c71b8112ce6ddb1a684da129a3,GS1_EUROPE,Events,,https://gs1.eu/events/,https://gs1.eu/publications/,,,,,2026-01-29
c2d4ec6428c1d14667a5a5406a878010b137c89e15c3523a139c1dfdfdacf2fc,GS1_EUROPE,XLSX - 1.4 Mb,2025,https://gs1.eu/wp-content/uploads/2025/10/GS1_in_Europe_EUDR_Questionnaire_V1.0_EN.xlsx,https://gs1.eu/publications/,https://gs1.eu/wp-content/uploads/2025/10/GS1_in_Europe_EUDR_Questionnaire_V1.0_EN.xlsx,XLSX,application/vnd.openxmlformats-officedocument.spreadsheetml.sheet,200,2026-01-29
a552fc76b8936b2c56bebd4c824a78eb8b44fcf53fec7c2882a52528af29c7a3,GS1_EUROPE,PDF - 2.5 Mb,2025,https://gs1.eu/wp-content/uploads/2025/07/GS1-in-Europe-Security-Seal-Factsheet.pdf,https://gs1.eu/publications/,https://gs1.eu/wp-content/uploads/2025/07/GS1-in-Europe-Security-Seal-Factsheet.pdf,PDF,application/pdf,200,2026-01-29
544ca7256adf624bb39750fabd9f3889a46f40a1af55e7b3e91cbbbf9f4297f5,GS1_EUROPE,PDF - 3.8 Mb,2025,https://gs1.eu/wp-content/uploads/2025/07/GS1-support-for-Construction-Products-Regulation-CPR-2024.pdf,https://gs1.eu/publications/,https://gs1.eu/wp-content/uploads/2025/07/GS1-support-for-Construction-Products-Regulation-CPR-2024.pdf,PDF,application/pdf,200,2026-01-29
af2e9574946a505b9de33a482def8cf63c027c0cc7500431d5b505bf2f85ccb8,GS1_EUROPE,PDF - 653.0 Kb,2025,https://gs1.eu/wp-content/uploads/2025/07/dpp_provisional_application_standard-1.pdf,https://gs1.eu/publications/,https://gs1.eu/wp-content/uploads/2025/07/dpp_provisional_application_standard-1.pdf,PDF,application/pdf,200,2026-01-29
3a77b4e3e1c69d17e8e56704a2f62ec8abbc0e11b684f2efc78be15f6761dcb1,GS1_EUROPE,PDF - 20.5 Mb,2025,https://gs1.eu/wp-content/uploads/2025/07/GS1-in-Europe-White-Paper-Packaging-and-Packaging-Waste-Regulation-and-GS1-Standards.pdf,https://gs1.eu/publications/,https://gs1.eu/wp-content/uploads/2025/07/GS1-in-Europe-White-Paper-Packaging-and-Packaging-Waste-Regulation-and-GS1-Standards.pdf,PDF,application/pdf,200,2026-01-29
497e29c417062504b7639f02ed36a2f69b5aacc018e23e878ceef8319391b431,GS1_EUROPE,XLSX - 144.5 Kb,2025,https://gs1.eu/wp-content/uploads/2025/07/GS1inEU_OverviewOfDataAttributes_PPWR_V1.0-Final.xlsx,https://gs1.eu/publications/,https://gs1.eu/wp-content/uploads/2025/07/GS1inEU_OverviewOfDataAttributes_PPWR_V1.0-Final.xlsx,XLSX,application/vnd.openxmlformats-officedocument.spreadsheetml.sheet,200,2026-01-29
cc503188f4192bc1bf02417a7e2b1b6ed08bbb2b32419e20f334dba083ee701f,GS1_EUROPE,PDF - 1.2 Mb,2025,https://gs1.eu/wp-content/uploads/2025/06/GS1inEU_GDSN_Packaging_Guideline_v1.0.pdf,https://gs1.eu/publications/,https://gs1.eu/wp-content/uploads/2025/06/GS1inEU_GDSN_Packaging_Guideline_v1.0.pdf,PDF,application/pdf,200,2026-01-29
93ea6fbb36dca6cc63d931f1e274e5238d3b69567efb6303e61e7963cda43b8d,GS1_EUROPE,PDF - 14.5 Mb,2025,https://gs1.eu/wp-content/uploads/2025/04/GS1-in-Europe-EUDR-white-paper-2.pdf,https://gs1.eu/publications/,https://gs1.eu/wp-content/uploads/2025/04/GS1-in-Europe-EUDR-white-paper-2.pdf,PDF,application/pdf,200,2026-01-29
7239d66e07f7a33242da4a8e95e0f43c2ca2854ccfd96ffa143398d79637c6c0,GS1_EUROPE,PDF - 1.8 Mb,2025,https://gs1.eu/wp-content/uploads/2025/04/GS1-Standards-Enabling-DPP-V2.2.pdf,https://gs1.eu/publications/,https://gs1.eu/wp-content/uploads/2025/04/GS1-Standards-Enabling-DPP-V2.2.pdf,PDF,application/pdf,200,2026-01-29
f7fd465e5fb1afaac4f24b7a76b4772fa2e6c72f4efd7b10859129c0a5733cd0,GS1_EUROPE,PDF - 2.3 Mb,2025,https://gs1.eu/wp-content/uploads/2025/04/GS1-in-Europe-Whitepaper-Foodwaste.pdf,https://gs1.eu/publications/,https://gs1.eu/wp-content/uploads/2025/04/GS1-in-Europe-Whitepaper-Foodwaste.pdf,PDF,application/pdf,200,2026-01-29
226a4f3abb3f2c17d990d2bf4d6321274a1039b8d11c3b96225de0f08e6729fc,GS1_EUROPE,2,,https://gs1.eu/publications?sf_paged=2,https://gs1.eu/publications/,,,,,2026-01-29
4879f219bc27e11b3293f7519f9e3a61d96497f6b8fb234017d307b8dcfee261,GS1_EUROPE,Last »,,https://gs1.eu/publications?sf_paged=6,https://gs1.eu/publications/,,,,,2026-01-29
28a3eb34c4eee60c58daad124ee9b4b501918921266e2466ce51e02ecb456d5c,GS1_EUROPE,Terms and Conditions,,https://gs1.eu/terms-and-conditions/,https://gs1.eu/publications/,,,,,2026-01-29
63167a60a763730b9bc6b4c0ede9aa36bcb20055b3ae60a6b966614e388b7572,GS1_EUROPE,Privacy Policy,,https://gs1.eu/privacy-policy/,https://gs1.eu/publications/,,,,,2026-01-29
a9eb1bd53e9ddc8a3860f20556adc5cff6133c3d8ff79778aa47c1c65819eb62,GS1_EUROPE,Cookie Policy,,https://gs1.eu/cookie-policy/,https://gs1.eu/publications/,,,,,2026-01-29
ba6294ea82d9d3ed983932b7b63e12d2c40b8c7d8497e60252b0a44da8f78529,GS1_EUROPE,Internal Activities,,https://gs1.eu/sectors-and-industries/internal-activities/,https://gs1.eu/publications/,,,,,2026-01-29
ce6eb61dbfc896b2a257b50de45851c90acf1ad12946f21645b55512cf424336,GS1_EUROPE,2D barcodes,,https://gs1.eu/tools-and-services/2d-barcodes/,https://gs1.eu/publications/,,,,,2026-01-29
7ed48d203c0e2a72e668b06bebbde7c31d466f1e69613a0c05936caffbe0836d,EFRAG,publications_index,,https://www.efrag.org/en/sustainability-reporting-publications,https://www.efrag.org/en/sustainability-reporting-publications,,,,,2026-01-29
ad42073e2add5c52cea2231dfc28c844b89dbbde1270defd394370232ebc4ec6,EFRAG,,,https://www.efrag.org/en,https://www.efrag.org/en/sustainability-reporting-publications,,,,,2026-01-29
d1dd43511aec7808d38ac1dfdf6a73a5aab40e21349b6ef39c3d6c4d50b05a20,EFRAG,Log in,,https://www.efrag.org/en/user/login,https://www.efrag.org/en/sustainability-reporting-publications,,,,,2026-01-29
6d8b5fa236145c05a0f818704ab7988d3ef8a2e225d5ea91dc8d1a114facefc7,EFRAG,Contact us,,https://www.efrag.org/en/contact,https://www.efrag.org/en/sustainability-reporting-publications,,,,,2026-01-29
3cd174bec4a55ce776a815813178611e3200bd5fec49b6071554efa5a93ea06e,EFRAG,About us,,https://www.efrag.org/en/about-us,https://www.efrag.org/en/sustainability-reporting-publications,,,,,2026-01-29
9bcae3b1e8c734a779d1a136dcdb2e7fcaec9f078f15a6e6501828dcc0bfdb0b,EFRAG,EFRAG Secretariat,,https://www.efrag.org/en/about-us/governance/efrag-secretariat,https://www.efrag.org/en/sustainability-reporting-publications,,,,,2026-01-29
3966979ad593668382aae807b4f51bb6de52045cd32279367685af0179898887,EFRAG,Elements of history and reforms,,https://www.efrag.org/en/about-us/efrag-facts,https://www.efrag.org/en/sustainability-reporting-publications,,,,,2026-01-29
d399fec7689d46b072fd0cd902cbf1c97aa67ef8c0c9af0ca65d0c98ffbb7bae,EFRAG,European lab,,https://www.efrag.org/en/about-us/about-efrag/the-european-corporate-reporting-lab,https://www.efrag.org/en/sustainability-reporting-publications,,,,,2026-01-29
34b35e2525ddd4dff0a32a30fda828b13643f52d9f0465e927b90770a012bd3d,EFRAG,Ways of contributing to EFRAG Work,,https://www.efrag.org/en/ways-of-contributing-to-efrags-work,https://www.efrag.org/en/sustainability-reporting-publications,,,,,2026-01-29
3e2f5b0cb9cef3f7abbe695aca7885979402d05567b38453b2294220708f9c5f,EFRAG,Working groups and advisory panels,,https://www.efrag.org/en/about-us/working-groups-and-advisory-panels,https://www.efrag.org/en/sustainability-reporting-publications,,,,,2026-01-29
aa6431424dfff038153d73f76a980dfe4132a1ef080599446596bbc00ef58f32,EFRAG,Annual reviews,,https://www.efrag.org/en/about-us/annual-reviews,https://www.efrag.org/en/sustainability-reporting-publications,,,,,2026-01-29
d8794f2b5b82b193dc1366bee966e351622fb17fe101ee49f47ec4b117bfb238,EFRAG,Friends of EFRAG,,https://www.efrag.org/en/about-us/friends-of-efrag,https://www.efrag.org/en/sustainability-reporting-publications,,,,,2026-01-29
6fc3226b8db9bdb674215fc5573fa17645e2a3f7279b2818bcde9b4ecdbf41da,EFRAG,Legal & Policies,,https://www.efrag.org/en/about-us/legal-policies,https://www.efrag.org/en/sustainability-reporting-publications,,,,,2026-01-29
cd60e13d4f175fc620fff6807a4d8eaf4315e56a2d8eb1ee8f5c09dc77771d98,EFRAG,Our structure and member organisations,,https://www.efrag.org/en/about-us/governance,https://www.efrag.org/en/sustainability-reporting-publications,,,,,2026-01-29
6271540001ece8136f9dd545667b1bc29a045da439547c7e7be7b7fbc606bacd,EFRAG,EFRAG Administrative Board,,https://www.efrag.org/en/about-us/our-structure-and-technical-bodies/efrag-administrative-board,https://www.efrag.org/en/sustainability-reporting-publications,,,,,2026-01-29
87a1ed6aedda8e57f1c641ac3510bdb66d818b6bfc9f4cb15b45117ea3fcfbfb,EFRAG,EFRAG Financial Reporting Board,,https://www.efrag.org/en/about-us/governance/efrag-financial-reporting-board,https://www.efrag.org/en/sustainability-reporting-publications,,,,,2026-01-29
f388edd9a5b6582fdca5ed4983e4066a1c83f8c7068113d4fce3d2d92627867d,EFRAG,EFRAG Financial Reporting Technical Expert Group,,https://www.efrag.org/en/about-us/working-groups/efrag-financial-reporting-technical-expert-group-efrag-fr-teg,https://www.efrag.org/en/sustainability-reporting-publications,,,,,2026-01-29
6f0ad72274337eb81a8ffe8fbb6567b6f237f4e87846daba8452f8056af5e610,EFRAG,EFRAG Consultative Forum of Standard Setters,,https://www.efrag.org/en/about-us/governance/consultative-forum-of-standard-setters,https://www.efrag.org/en/sustainability-reporting-publications,,,,,2026-01-29
42fa119c710d65c21f652f47a675c2d324e24a5c97bc4baa98a31b9a61e975d1,EFRAG,EFRAG Sustainability Reporting Board,,https://www.efrag.org/en/about-us/governance/efrag-sustainability-reporting-board,https://www.efrag.org/en/sustainability-reporting-publications,,,,,2026-01-29
4ece9201b5b06f6ad7b766674a17f601f89db83edb78921376d9fc0d21239070,EFRAG,EFRAG Sustainability Reporting Technical Expert Group,,https://www.efrag.org/en/about-us/governance/efrag-sustainability-reporting-technical-expert-group-efrag-sr-teg,https://www.efrag.org/en/sustainability-reporting-publications,,,,,2026-01-29
884e30213ebb403411c6c0725b48b4e25cd4543c1858b8a0d220587ef9a475f8,EFRAG,All EFRAG projects,,https://www.efrag.org/en/projects,https://www.efrag.org/en/sustainability-reporting-publications,,,,,2026-01-29
c89178db1f3cc5c33846ccd396d5849d3a445cec07b27d10a52f90d5e13ddf0a,EFRAG,Financial reporting,,https://www.efrag.org/en/financial-reporting,https://www.efrag.org/en/sustainability-reporting-publications,,,,,2026-01-29
dd8ff0090dde2a55113573a4abf74dd7765d5f087796be245fc326c5e8f7d4b2,EFRAG,About financial reporting and due process,,https://www.efrag.org/en/about-financial-reporting,https://www.efrag.org/en/sustainability-reporting-publications,,,,,2026-01-29
6af94f5030651698edbf3b2a8f9434ccb4b08ea6cf1dcdad3c0d50c864291334,EFRAG,Endorsement status,,https://www.efrag.org/en/financial-reporting/endorsement-status,https://www.efrag.org/en/sustainability-reporting-publications,,,,,2026-01-29
77e2e7ff8a1f07e6e01abfaedda83aa49c7b0d162e044810b297393895695563,EFRAG,Meetings,,https://www.efrag.org/en/financial-reporting/meetings,https://www.efrag.org/en/sustainability-reporting-publications,,,,,2026-01-29
42f09dc69bdf9bba883402cd354548bb58d1fe758b4fc328064954d873a7824f,EFRAG,News,,https://www.efrag.org/en/financial-reporting/news,https://www.efrag.org/en/sustainability-reporting-publications,,,,,2026-01-29
717ccc6ece48280707ee5a2a40dec8a250d24e75de2a57e6d6399f73bc0716a6,EFRAG,Projects,,https://www.efrag.org/en/financial-reporting/projects,https://www.efrag.org/en/sustainability-reporting-publications,,,,,2026-01-29
e557ea7f89fe634427ce6cf4e29407e4da0ba92505e332bc0ccf794ded72830c,EFRAG,Connectivity between FR and SR,,https://www.efrag.org/en/financial-reporting/about-connectivity,https://www.efrag.org/en/sustainability-reporting-publications,,,,,2026-01-29
564cf0eb3f485f28ec6bcc3858dcc154de8a361948315c0f7b360b71be95cc28,EFRAG,Governance and technical bodies,,https://www.efrag.org/en/financial-reporting/governance-and-technical-bodies,https://www.efrag.org/en/sustainability-reporting-publications,,,,,2026-01-29
de6d9f75ba6bfa94004f00bf47d3fcd3ff67db308c2e5c1ec183e6fc4be39f8f,EFRAG,EFRAG Financial Reporting Technical Expert Group,,https://www.efrag.org/en/about-us/governance/efrag-financial-reporting-technical-expert-group-efrag-fr-teg,https://www.efrag.org/en/sustainability-reporting-publications,,,,,2026-01-29
fd80269260105f928fe1a4648ab8ac05470bc3e12eadf63b2b6fa7616b77f9fd,EFRAG,Open consultations,,https://www.efrag.org/en/financial-reporting/fr-open-consultations,https://www.efrag.org/en/sustainability-reporting-publications,,,,,2026-01-29
54b2e6fd061426e7a55519ef95f6603273d429dab0fb1f1be622e951390349a1,EFRAG,Sustainability reporting,,https://www.efrag.org/en/sustainability-reporting,https://www.efrag.org/en/sustainability-reporting-publications,,,,,2026-01-29
1636d3946c57d76fd9b94f6ffd4502403cdcfedb15f612918240ab79401feb1d,EFRAG,About sustainability reporting and due process,,https://www.efrag.org/en/sustainability-reporting/about-sustainability-reporting,https://www.efrag.org/en/sustainability-reporting-publications,,,,,2026-01-29
cadf8daba0db8a4fc76ba93f75df8636ff7bb21c31d8adce3db4aa7ecef4328b,EFRAG,ESRS workstreams,,https://www.efrag.org/en/sustainability-reporting/esrs-workstreams,https://www.efrag.org/en/sustainability-reporting-publications,,,,,2026-01-29
071e0c00d5be41e03f140a5bbaf783d5cd225ada9cdbf77e62ef11405079aec4,EFRAG,Simplified ESRS,,https://www.efrag.org/en/amended-esrs,https://www.efrag.org/en/sustainability-reporting-publications,,,,,2026-01-29
5d159df2082c0642911fb1bcd1a47bf5c57d41281c5422b20be8489f21e3ea7e,EFRAG,Sector agnostic,,https://www.efrag.org/en/sustainability-reporting/esrs-workstreams/sector-agnostic-standards-set-1-esrs,https://www.efrag.org/en/sustainability-reporting-publications,,,,,2026-01-29
1b2071e9c8a3d1943ad62bf0d40b409e7c37848ed2e66b615a8866cdff82c68e,EFRAG,Sector specific,,https://www.efrag.org/en/sustainability-reporting/esrs-workstreams/sectorspecific-esrs,https://www.efrag.org/en/sustainability-reporting-publications,,,,,2026-01-29
298485c7e575081f6ba43027946c6f1fc57d6116163eec9327d65426a9881253,EFRAG,SMEs,,https://www.efrag.org/en/smes-and-sustainability-reporting,https://www.efrag.org/en/sustainability-reporting-publications,,,,,2026-01-29
e2df9d932fd8c49c63202865c4248ec56fc465786f44a679e952f778d85da579,EFRAG,Implementation support,,https://www.efrag.org/en/sustainability-reporting/esrs-workstreams/implementation-support,https://www.efrag.org/en/sustainability-reporting-publications,,,,,2026-01-29
1004ba8f45b93e20262b2d4a25a03a1dee26df586a8f3c9ea329e35833fdd451,EFRAG,Digital Reporting,,https://www.efrag.org/en/sustainability-reporting/esrs-workstreams/digital-reporting-with-xbrl,https://www.efrag.org/en/sustainability-reporting-publications,,,,,2026-01-29
fada32b300d4770fe4577213e59d3dbf3baa6ff489c89262a218ddb99dd67917,EFRAG,ISSB consultations,,https://www.efrag.org/en/sustainability-reporting/esrs-workstreams/issb-consultations,https://www.efrag.org/en/sustainability-reporting-publications,,,,,2026-01-29
cb721d7769351b52ee7414a521f93a760864c9955f6e96175eeee81ac9035a1d,EFRAG,Interoperability,,https://www.efrag.org/en/sustainability-reporting/esrs-workstreams/interoperability,https://www.efrag.org/en/sustainability-reporting-publications,,,,,2026-01-29
59bd4b5337190a7b1be9f275c29f5b14a3b0647f071da4a5378b61f2e5c4ceae,EFRAG,Non-EU Group(s),,https://www.efrag.org/en/node/4164/noneu-groups,https://www.efrag.org/en/sustainability-reporting-publications,,,,,2026-01-29
6e20e2d28b24fb5ddf7da96b30b32d45edfc4db3e187d01820631cdec46e1731,EFRAG,ESRS Q&A platform,,https://www.efrag.org/en/projects/efrag-esrs-qa-platform,https://www.efrag.org/en/sustainability-reporting-publications,,,,,2026-01-29
26907e6d479ad9c45d0d2de663dabbea2cb45e36b7668b0f02d50ea724f30a74,EFRAG,Meetings,,https://www.efrag.org/en/sustainability-reporting/meetings,https://www.efrag.org/en/sustainability-reporting-publications,,,,,2026-01-29
98feb85c95e2c274a82b63228ebd17bbfc2fbe5c5868b14f1856b90cccfae9c0,EFRAG,News,,https://www.efrag.org/en/sustainability-reporting/news,https://www.efrag.org/en/sustainability-reporting-publications,,,,,2026-01-29
42a88c0cfb790f9c0d65084f05b75340e986e3f8db5d0e82aee68c716055d43b,EFRAG,Projects,,https://www.efrag.org/en/sustainability-reporting/projects,https://www.efrag.org/en/sustainability-reporting-publications,,,,,2026-01-29
e20cccb1a9b35eb11ce1abe0282a2c42274ddaede4893c1404e4f0205cace18a,EFRAG,Governance and technical bodies,,https://www.efrag.org/en/sustainability-reporting/governance-and-technical-bodies,https://www.efrag.org/en/sustainability-reporting-publications,,,,,2026-01-29
aca87b8549be4bf7e19e8e7ac7998e54bee3b65866226e1b764b2727091cbf70,EFRAG,Open consultations,,https://www.efrag.org/en/sustainability-reporting/sr-open-consultations,https://www.efrag.org/en/sustainability-reporting-publications,,,,,2026-01-29
48585ad5ddf9e7ae32439293a08cabc3a864a122124c03733902c641177d8686,EFRAG,EFRAG update,,https://www.efrag.org/en/updates,https://www.efrag.org/en/sustainability-reporting-publications,,,,,2026-01-29
15e16adcfbe5ce2df5001981b8a570779a4be1e065d72fb022335bfd173d0acc,EFRAG,News and calendar,,https://www.efrag.org/en/news-and-calendar/news,https://www.efrag.org/en/sustainability-reporting-publications,,,,,2026-01-29
310753d56527d7bed11ae0c85e50d2ef24897ae9a8f744937e925d83065c3194,EFRAG,Events,,https://www.efrag.org/en/efrag-events,https://www.efrag.org/en/sustainability-reporting-publications,,,,,2026-01-29
863da99936b3f12652fc7f3b8a0526900924d9941296948f049e8bc5037049b4,EFRAG,Meetings Calendar,,https://www.efrag.org/en/news-and-calendar/meetings-calendar,https://www.efrag.org/en/sustainability-reporting-publications,,,,,2026-01-29
e5574ff3d28819dae508fabc256fb05f12c466d47fcdf4e149259e7f2dcd33ee,EFRAG,IFASS meetings,,https://www.efrag.org/en/news-and-calendar/efrag-and-ifass,https://www.efrag.org/en/sustainability-reporting-publications,,,,,2026-01-29
9dc3e6c83e4ec8e88957313f4787859dd2ab8575e7224f8b88a21a89ff32573e,EFRAG,Sustainability Reporting Publications,,https://www.efrag.org/en/publications-sustainability-reporting,https://www.efrag.org/en/sustainability-reporting-publications,,,,,2026-01-29
50576a6cd78f7bee00dde749e8895654f1b5d96584ae8f7ad4a58931974ca5fb,EFRAG,Financial Reporting Publications,,https://www.efrag.org/en/news-and-calendar/financial-reporting-publications,https://www.efrag.org/en/sustainability-reporting-publications,,,,,2026-01-29
4e2d18d46aae9f3132f2f8bafd985c3de401be4d5c506b98dd16c30dce56503c,EFRAG,Open consultations,,https://www.efrag.org/en/open-consultations,https://www.efrag.org/en/sustainability-reporting-publications,,,,,2026-01-29
721066320c759225157880895d0013b5b2ecbdd9743411aedfe13d8f3aca370b,EFRAG,Vacancy,,https://www.efrag.org/en/join-efrag,https://www.efrag.org/en/sustainability-reporting-publications,,,,,2026-01-29
d2ccaa6844a4bfe91ed20c68603c28e1e5b1f0a0b1382cfc14bb495577c99c75,EFRAG,Implementation Guidance documents,,https://www.efrag.org/projects/esrs-implementation-guidance-documents,https://www.efrag.org/en/sustainability-reporting-publications,,,,,2026-01-29
a27118cd44311eb228647e8e07c60a16501c13fc69eb0d366e6f6a5b448ac56a,EFRAG,compilation,,https://www.efrag.org/sites/default/files/sites/webpublishing/SiteAssets/Explanations%20January%20-%20May%202024%20%28final%20version%29.pdf,https://www.efrag.org/en/sustainability-reporting-publications,https://www.efrag.org/sites/default/files/sites/webpublishing/SiteAssets/Explanations%20January%20-%20May%202024%20%28final%20version%29.pdf,PDF,application/pdf,200,2026-01-29
a83250c3a70b0097f671ce3e26349871adc11960a82319e9c0e205639036a7e3,EFRAG,Draft Set 1 ESRS,,https://www.efrag.org/first-set-of-draft-esrs,https://www.efrag.org/en/sustainability-reporting-publications,,,,,2026-01-29
613452adf98077138c4b33112ce20ece59aad819b5db96d6569fecf2df755a8c,EFRAG,,2024-07-19,https://www.efrag.org/sites/default/files/styles/lightbox/public/2024-07/screenshot_2024-07-19_120521.png?itok=Ao_ZSxKS,https://www.efrag.org/en/sustainability-reporting-publications,,,,,2026-01-29
b22a868be31f19de036fdbcec003dc805b03d29fbe97a46c8c4e3bbe7041050e,EFRAG,Download selected items,2024,https://www.efrag.org/sites/default/files/2024-07/EFRAG_PTF-NFRS_MAIN_REPORT%5B1%5D.pdf,https://www.efrag.org/en/sustainability-reporting-publications,https://www.efrag.org/sites/default/files/2024-07/EFRAG_PTF-NFRS_MAIN_REPORT%5B1%5D.pdf,PDF,application/pdf,200,2026-01-29
3bb947956ee4b8556691b2ad89f1bc3e04ed217fe677b0f5b912927617d07baf,EFRAG,,2024-07-19,https://www.efrag.org/sites/default/files/styles/lightbox/public/2024-07/screenshot_2024-07-19_122230.png?itok=IMHrTLua,https://www.efrag.org/en/sustainability-reporting-publications,,,,,2026-01-29
a2043831d16de9b6bb7a128e85ddd914a7ac6e30b287246d3cfc67c676ef42c3,EFRAG,Download selected items,2024,https://www.efrag.org/sites/default/files/2024-07/EFRAG_PTF-NFRS_A1_FINAL%5B1%5D.pdf,https://www.efrag.org/en/sustainability-reporting-publications,https://www.efrag.org/sites/default/files/2024-07/EFRAG_PTF-NFRS_A1_FINAL%5B1%5D.pdf,PDF,application/pdf,200,2026-01-29
dbf5dcdf0a40c953683c531aec42dad2348a933c93c755d7970259112e86f24c,EFRAG,,2024-07-19,https://www.efrag.org/sites/default/files/styles/lightbox/public/2024-07/screenshot_2024-07-19_122733.png?itok=1wPlGIE7,https://www.efrag.org/en/sustainability-reporting-publications,,,,,2026-01-29
fc186cc47c4d8a428a97789c0b6c9a275dac970065524ff1627146ca35afe4ab,EFRAG,Download selected items,2024,https://www.efrag.org/sites/default/files/2024-07/EFRAG_PTF-NFRS_A2_FINAL%5B1%5D.pdf,https://www.efrag.org/en/sustainability-reporting-publications,https://www.efrag.org/sites/default/files/2024-07/EFRAG_PTF-NFRS_A2_FINAL%5B1%5D.pdf,PDF,application/pdf,200,2026-01-29
1dba3fa9d283bee635019f0c46670d9722b87c0a7ddb7808680f6799b615f598,EFRAG,,2024-07-19,https://www.efrag.org/sites/default/files/styles/lightbox/public/2024-07/screenshot_2024-07-19_123131.png?itok=eN639I2z,https://www.efrag.org/en/sustainability-reporting-publications,,,,,2026-01-29
e373def43676bfcf413cd001d28eee16e9836b0261649db4decea3800cfa1baa,EFRAG,Download selected items,2024,https://www.efrag.org/sites/default/files/2024-07/EFRAG_PTF-NFRS_A3_FINAL%5B1%5D.pdf,https://www.efrag.org/en/sustainability-reporting-publications,https://www.efrag.org/sites/default/files/2024-07/EFRAG_PTF-NFRS_A3_FINAL%5B1%5D.pdf,PDF,application/pdf,200,2026-01-29
5fa6d16cee69dcdc2b73b4c1d2346ed56df1af4aa39bcf1aebc78b807e067a5b,EFRAG,,2024-07-19,https://www.efrag.org/sites/default/files/styles/lightbox/public/2024-07/screenshot_2024-07-19_123513.png?itok=fzg-6B8G,https://www.efrag.org/en/sustainability-reporting-publications,,,,,2026-01-29
2bf7b253c9e9e4ab64f158395662044b52b9cf297bdd7d99f9e9181f22853dd5,EFRAG,Download selected items,2024,https://www.efrag.org/sites/default/files/2024-07/EFRAG_PTF-NFRS_A4_FINAL%5B1%5D.pdf,https://www.efrag.org/en/sustainability-reporting-publications,https://www.efrag.org/sites/default/files/2024-07/EFRAG_PTF-NFRS_A4_FINAL%5B1%5D.pdf,PDF,application/pdf,200,2026-01-29
6259065968f59aa118d0eec8b25ebf3e4bcc113c905293708c5b38b02c8d3ed5,EFRAG,,2024-07-19,https://www.efrag.org/sites/default/files/styles/lightbox/public/2024-07/screenshot_2024-07-19_132521.png?itok=E_6e3mhd,https://www.efrag.org/en/sustainability-reporting-publications,,,,,2026-01-29
b8edb90fda465213b3f108e0b6a1734931e8995c284b72d3dac968f4f9740d80,EFRAG,Download selected items,2024,https://www.efrag.org/sites/default/files/2024-07/EFRAG_PTF-NFRS_A5_FINAL%5B1%5D.pdf,https://www.efrag.org/en/sustainability-reporting-publications,https://www.efrag.org/sites/default/files/2024-07/EFRAG_PTF-NFRS_A5_FINAL%5B1%5D.pdf,PDF,application/pdf,200,2026-01-29
a0ee955a6981ae5acc5129d5021bec4fa6617cbdb24071237b4c781a4a577f07,EFRAG,Load More,,https://www.efrag.org/en/sustainability-reporting-publications?page=1,https://www.efrag.org/en/sustainability-reporting-publications,,,,,2026-01-29
3b4797d50ecf327cbc6796b397c4448e9db549d68939a9dbd1c9eb2db0f285dd,EFRAG,How to reach us,,https://www.efrag.org/en/how-to-reach-us,https://www.efrag.org/en/sustainability-reporting-publications,,,,,2026-01-29
8218a39e0a410ab1c1416538b20e39ee611ef75e9a197d77af285a2c28970659,EFRAG,Privacy policy,,https://www.efrag.org/en/privacy-policy,https://www.efrag.org/en/sustainability-reporting-publications,,,,,2026-01-29
6a41c2a465a810566864c437abd0c700ebb62bad6b5ac37d8877d4f4ad6c5b8a,EFRAG,Cookie statement,,https://www.efrag.org/en/cookie-statement,https://www.efrag.org/en/sustainability-reporting-publications,,,,,2026-01-29
2b475ae30a413a1b73489ae5f41328be7a8384fac783a911ffd46d93c338b4cf,EFRAG,Disclaimer,,https://www.efrag.org/en/disclaimer,https://www.efrag.org/en/sustainability-reporting-publications,,,,,2026-01-29
3cbeb2951920e34446963c2941622ea85d15a62c36653ddbb88bb39e8831bb7d,EFRAG,"(-)
All news",,https://www.efrag.org/en/news-and-calendar/news?facets_query=,https://www.efrag.org/en/news-and-calendar/news,,,,,2026-01-29
efc1ad1123ef159c342277d77294bafa3202d209664e898ac8eccb9dda7f16b3,EFRAG,Corporate,,https://www.efrag.org/en/news-and-calendar/news?f%5B0%5D=category%3A104,https://www.efrag.org/en/news-and-calendar/news,,,,,2026-01-29
ed66f867594f564077f7c17a40e272a70d2d93efce79815c53e6f9f2eed0acf3,EFRAG,Decision,,https://www.efrag.org/en/news-and-calendar/news?f%5B0%5D=category%3A140,https://www.efrag.org/en/news-and-calendar/news,,,,,2026-01-29
d8cc608f81d96390e537ea058577650e15e8a68176ee2f8e918359fad8383589,EFRAG,EFRAG,,https://www.efrag.org/en/news-and-calendar/news?f%5B0%5D=category%3A164,https://www.efrag.org/en/news-and-calendar/news,,,,,2026-01-29
e111136195f36b635a338a82a05e1995243b19931d56eff30c931f9a362a87fa,EFRAG,Endorsement status,,https://www.efrag.org/en/news-and-calendar/news?f%5B0%5D=category%3A106,https://www.efrag.org/en/news-and-calendar/news,,,,,2026-01-29
7ae14412d9059e69af96af99707c1d551ef622a42995fcd165a10b83d4d35ad8,EFRAG,Financial Reporting,,https://www.efrag.org/en/news-and-calendar/news?f%5B0%5D=category%3A42,https://www.efrag.org/en/news-and-calendar/news,,,,,2026-01-29
077a48b256b03e5bda295f730e61fd7fe8470fc38954dce2a6b4950e38e65209,EFRAG,Invitation to comment,,https://www.efrag.org/en/news-and-calendar/news?f%5B0%5D=category%3A108,https://www.efrag.org/en/news-and-calendar/news,,,,,2026-01-29
8fa0bed514f61d3bec551d069b3134cdda4b0b3002b7a40ef2e9ca2da45bbbcc,EFRAG,Meeting,,https://www.efrag.org/en/news-and-calendar/news?f%5B0%5D=category%3A138,https://www.efrag.org/en/news-and-calendar/news,,,,,2026-01-29
131f15dbd2405a3b3047d76366de803d359ffc82d2210c925a80be6ced2c2534,EFRAG,Outreach event,,https://www.efrag.org/en/news-and-calendar/news?f%5B0%5D=category%3A139,https://www.efrag.org/en/news-and-calendar/news,,,,,2026-01-29
9850faba37304b7edfd12bef650c076c2db04c9a35bb67d00a7bffef0cdfd958,EFRAG,Project,,https://www.efrag.org/en/news-and-calendar/news?f%5B0%5D=category%3A137,https://www.efrag.org/en/news-and-calendar/news,,,,,2026-01-29
ac9343e52648e26e7e1945a3f728a7a0350fc4da45d73ced04565d1815c203e8,EFRAG,Public,,https://www.efrag.org/en/news-and-calendar/news?f%5B0%5D=category%3A43,https://www.efrag.org/en/news-and-calendar/news,,,,,2026-01-29
0bfbdba726009954bd61ec56f748a01447412844066538b055d7afa408bb62d0,EFRAG,Sustainability Reporting,,https://www.efrag.org/en/news-and-calendar/news?f%5B0%5D=category%3A103,https://www.efrag.org/en/news-and-calendar/news,,,,,2026-01-29
5e45bfe8118bbbb068af889538fe5d4ac459eb2267a435442357d4397ca9eeb8,EFRAG,Vacancies,,https://www.efrag.org/en/news-and-calendar/news?f%5B0%5D=category%3A115,https://www.efrag.org/en/news-and-calendar/news,,,,,2026-01-29
8c3c1dad5a17b8ff72c3d2bfc791cf5316ac9114c845cc3d52039cddf9d32c6b,EFRAG,Vacancy,,https://www.efrag.org/en/news-and-calendar/news?f%5B0%5D=category%3A141,https://www.efrag.org/en/news-and-calendar/news,,,,,2026-01-29
e851622f025f2f462c3bd07fa85c774321d84f0188167d75cfa80e624b4b7ac7,EFRAG,Corporate,,https://www.efrag.org/en/news-and-calendar/news?f%5B0%5D=department%3A112,https://www.efrag.org/en/news-and-calendar/news,,,,,2026-01-29
97be92a6457c982d4073cf1eb90db5a936e04ebd74ada872bcbbfd53a1a3da2b,EFRAG,Financial,,https://www.efrag.org/en/news-and-calendar/news?f%5B0%5D=department%3A8,https://www.efrag.org/en/news-and-calendar/news,,,,,2026-01-29
469bcdb0f408097e6e8827799ef907363a32e5f26b9b78b891d54630ec418b64,EFRAG,Sustainability,,https://www.efrag.org/en/news-and-calendar/news?f%5B0%5D=department%3A9,https://www.efrag.org/en/news-and-calendar/news,,,,,2026-01-29
9e29634a1abfcc3b46397a2b6412e66409d52dac0a3aaf93ac41d4fe8445fb92,EFRAG,EFRAG FRB Online Meeting - 29 January 2026,2026,https://www.efrag.org/en/news-and-calendar/news/efrag-frb-online-meeting-29-january-2026,https://www.efrag.org/en/news-and-calendar/news,,,,,2026-01-29
b5640653c543bd7bfeb77efe26a2394dfeeea7e4bee539cc9a406b6aea3723b8,EFRAG,EFRAG Opens Call for Candidates to Join its Sustainability Reporting Technical Expert Group,,https://www.efrag.org/en/news-and-calendar/news/efrag-opens-call-for-candidates-to-join-its-sustainability-reporting-technical-expert-group,https://www.efrag.org/en/news-and-calendar/news,,,,,2026-01-29
6c9dcf0bb0256d136e3f40f164bcd5ddd76f74b3e617f0bc68d5f525fc19a1e9,EFRAG,EFRAG SRB Online Meeting 28 January 2026,2026,https://www.efrag.org/en/news-and-calendar/news/efrag-srb-online-meeting-28-january-2026,https://www.efrag.org/en/news-and-calendar/news,,,,,2026-01-29
e887a5171b39f169fbb97af1ab644619f526e23682e484da24ff2f9c3a43252d,EFRAG,EFRAG SR TEG Online Meeting 22 January 2026,2026,https://www.efrag.org/en/news-and-calendar/news/efrag-sr-teg-online-meeting-22-january-2026,https://www.efrag.org/en/news-and-calendar/news,,,,,2026-01-29
a6dc5a68d5da64da9c4c615893db4ca924f8259386d3c1bde08edb4d2ce54ced,EFRAG,EFRAG FR TEG Online Meeting - 21 January 2026,2026,https://www.efrag.org/en/news-and-calendar/news/efrag-fr-teg-online-meeting-21-january-2026,https://www.efrag.org/en/news-and-calendar/news,,,,,2026-01-29
4f4cb6c148c16f33ffd60d35c1b505686e550aff032f6889810601b1647f8c5c,EFRAG,Join the First SME Forum Meeting of 2026,2026,https://www.efrag.org/en/news-and-calendar/news/join-the-first-sme-forum-meeting-of-2026,https://www.efrag.org/en/news-and-calendar/news,,,,,2026-01-29
da0bff436cdc32a6e59e2c4f32936a8db8754236b218f74339c2f3caedcfc3bd,EFRAG,Load More,,https://www.efrag.org/en/news-and-calendar/news?page=1,https://www.efrag.org/en/news-and-calendar/news,,,,,2026-01-29
