canonical_spec,claim_id,statement,source_path,source_heading,short_quote,status
isa-core-architecture.md,ISA-001,"Enable GS1 Netherlands members to understand which GS1 standards and data attributes are required for compliance with EU regulations (CSRD, EUDR, DPP, ESRS) through structured mappings, versioned advi",./ARCHITECTURE.md,Core Mission,Enable GS1 Netherlands members to understand which GS1 standards and data attributes are required fo,traceable
isa-core-architecture.md,ISA-002,- Verify Lane C authorization,./ARCHITECTURE.md,Advisory Report Generation (Lane C Restricted),- Verify Lane C authorization,traceable
isa-core-architecture.md,ISA-003,"- **Advisory Publication:** Lane C review required, no automated publication",./ARCHITECTURE.md,Data Limitations,"- **Advisory Publication:** Lane C review required, no automated publication",traceable
isa-core-architecture.md,ISA-004,- **Tested:** Unit tests ensure correctness,./docs/FILE_SYSTEM_MEMORY_ARCHITECTURE.md,4. Application Logic (`server/`),- **Tested:** Unit tests ensure correctness,traceable
isa-core-architecture.md,ISA-005,**Solution:** Use `sort-keys` to ensure consistent JSON output.,./docs/FILE_SYSTEM_MEMORY_ARCHITECTURE.md,Strategy 3: Deterministic JSON Serialization,**Solution:** Use `sort-keys` to ensure consistent JSON output.,traceable
isa-core-architecture.md,ISA-006,**Recommendation:** ISA should have **two distinct navigation patterns**:,./docs/ISA_INFORMATION_ARCHITECTURE.md,Primary Navigation (Top-Level),**Recommendation:** ISA should have **two distinct navigation patterns**:,traceable
isa-core-architecture.md,ISA-007,"- üî¥ **Critical:** Must-have for MVP, core user journeys",./docs/ISA_INFORMATION_ARCHITECTURE.md,4. Page-Type Priority Matrix,"- üî¥ **Critical:** Must-have for MVP, core user journeys",traceable
isa-core-architecture.md,ISA-008,"**Goal:** Complete the website, ensure legal compliance",./docs/ISA_INFORMATION_ARCHITECTURE.md,Phase 4: Polish & Legal (Low Priority),"**Goal:** Complete the website, ensure legal compliance",traceable
isa-core-architecture.md,ISA-009,6. **Code Review:** CODEOWNERS review required,./ROADMAP_GITHUB_INTEGRATION.md,New Workflow (GitHub-First),6. **Code Review:** CODEOWNERS review required,traceable
isa-core-architecture.md,ISA-010,Sync must occur after:,./ROADMAP_GITHUB_INTEGRATION.md,Additional Triggers,Sync must occur after:,traceable
isa-core-architecture.md,ISA-011,Immediate sync required for:,./ROADMAP_GITHUB_INTEGRATION.md,Emergency Sync,Immediate sync required for:,traceable
isa-core-architecture.md,ISA-012,"All third-party integrations (data sources, APIs, services) must follow the systematic evaluation framework defined in `INTEGRATIONS_RESEARCH_PROTOCOL.md`.",./ROADMAP_GITHUB_INTEGRATION.md,Integration Research Framework,"All third-party integrations (data sources, APIs, services) must follow the systematic evaluation fr",traceable
isa-core-architecture.md,ISA-013,Each phase includes a decision gate to ensure quality and prevent scope creep:,./ROADMAP_GITHUB_INTEGRATION.md,Decision Gates,Each phase includes a decision gate to ensure quality and prevent scope creep:,traceable
isa-core-architecture.md,ISA-014,**Core Principle:** Integration research and implementation must not interrupt or delay core ISA development.,./ROADMAP_GITHUB_INTEGRATION.md,Non-Interruption Rule,**Core Principle:** Integration research and implementation must not interrupt or delay core ISA dev,traceable
isa-core-architecture.md,ISA-015,"Before merging to main, verify:",./ROADMAP_GITHUB_INTEGRATION.md,Quality Gates,"Before merging to main, verify:",traceable
isa-core-architecture.md,ISA-016,"2. **Mandatory Source Availability:** Verify GS1 Global, GS1 NL, GS1 EU, EFRAG are reachable",./ROADMAP_GITHUB_INTEGRATION.md,Scheduled Checks (Weekly),"2. **Mandatory Source Availability:** Verify GS1 Global, GS1 NL, GS1 EU, EFRAG are reachable",traceable
isa-core-architecture.md,ISA-017,"7. ‚úÖ Validate permissions (issue, branch, PR creation)",./ROADMAP_GITHUB_INTEGRATION.md,Immediate Actions (Week of 2025-12-17),"7. ‚úÖ Validate permissions (issue, branch, PR creation)",traceable
isa-core-architecture.md,ISA-018,4. Validate CI pipeline execution,./ROADMAP_GITHUB_INTEGRATION.md,Week of 2025-12-23,4. Validate CI pipeline execution,traceable
isa-core-architecture.md,ISA-019,5. **Validation Checkpoints:** Review and validate at each phase before proceeding,./docs/ISA_VISUAL_BRANDING_ROADMAP.md,Executive Summary,5. **Validation Checkpoints:** Review and validate at each phase before proceeding,traceable
isa-core-architecture.md,ISA-020,- Must ISA display the GS1 logo?,./docs/ISA_VISUAL_BRANDING_ROADMAP.md,1. Clarify ISA's Official Status,- Must ISA display the GS1 logo?,traceable
data-knowledge-model.md,DAT-001,"* Stores GDSN XML tags, EDI segments, and JSON-LD properties required for ESG compliance",./docs/GS1_Attribute_Mapper_Technical_Specification.md,1.2 Table 1: `gs1_attributes`,"* Stores GDSN XML tags, EDI segments, and JSON-LD properties required for ESG compliance",traceable
data-knowledge-model.md,DAT-002,* Links EU regulations to specific GS1 technical attributes required for compliance,./docs/GS1_Attribute_Mapper_Technical_Specification.md,1.3 Table 2: `regulation_attribute_mappings`,* Links EU regulations to specific GS1 technical attributes required for compliance,traceable
data-knowledge-model.md,DAT-003,"""MANDATORY"", // Legally required for compliance",./docs/GS1_Attribute_Mapper_Technical_Specification.md,1.3 Table 2: `regulation_attribute_mappings`,"""MANDATORY"", // Legally required for compliance",traceable
data-knowledge-model.md,DAT-004,"""RECOMMENDED"", // Best practice but not legally required",./docs/GS1_Attribute_Mapper_Technical_Specification.md,1.3 Table 2: `regulation_attribute_mappings`,"""RECOMMENDED"", // Best practice but not legally required",traceable
data-knowledge-model.md,DAT-005,"""CONDITIONAL"", // Required only under specific circumstances",./docs/GS1_Attribute_Mapper_Technical_Specification.md,1.3 Table 2: `regulation_attribute_mappings`,"""CONDITIONAL"", // Required only under specific circumstances",traceable
data-knowledge-model.md,DAT-006,"rationale: text(""rationale"").notNull(), // Explanation of why this attribute is required (e.g., ""EUDR Article 9 requires geolocation data for all commodities"")",./docs/GS1_Attribute_Mapper_Technical_Specification.md,1.3 Table 2: `regulation_attribute_mappings`,"rationale: text(""rationale"").notNull(), // Explanation of why this attribute is required (e.g., ""EUD",traceable
data-knowledge-model.md,DAT-007,3. **Validate:** Cross-reference with GS1 official documentation to ensure accuracy,./docs/GS1_Attribute_Mapper_Technical_Specification.md,"2.2 Phase 1: Manual Curation (Week 1, 20 hours)",3. **Validate:** Cross-reference with GS1 official documentation to ensure accuracy,traceable
data-knowledge-model.md,DAT-008,"15,packagingMaterialTypeCode,Packaging Material Type Code,GDSN_XML,enum,true,<packagingMaterialTypeCode>,Packaging Information Module,,,,""Identifies the material type of packaging component. Must use ",./docs/GS1_Attribute_Mapper_Technical_Specification.md,"2.2 Phase 1: Manual Curation (Week 1, 20 hours)","15,packagingMaterialTypeCode,Packaging Material Type Code,GDSN_XML,enum,true,<packagingMaterialTypeC",traceable
data-knowledge-model.md,DAT-009,"12,RFF+DDR,DDS Reference Number,EDI_SEGMENT,string,true,,,RFF+DDR,DDR,,""Unique ID generated by TRACES system upon submission of EUDR Due Diligence Statement. Must be linked to specific line items in D",./docs/GS1_Attribute_Mapper_Technical_Specification.md,"2.2 Phase 1: Manual Curation (Week 1, 20 hours)","12,RFF+DDR,DDS Reference Number,EDI_SEGMENT,string,true,,,RFF+DDR,DDR,,""Unique ID generated by TRACE",traceable
data-knowledge-model.md,DAT-010,required: boolean;,./docs/GS1_Attribute_Mapper_Technical_Specification.md,"2.3 Phase 2: Automated GS1 Navigator Scraping (Week 2, 16 hours)",required: boolean;,traceable
data-knowledge-model.md,DAT-011,"isRequired: attr.required,",./docs/GS1_Attribute_Mapper_Technical_Specification.md,"2.3 Phase 2: Automated GS1 Navigator Scraping (Week 2, 16 hours)","isRequired: attr.required,",traceable
data-knowledge-model.md,DAT-012,"5,42,MANDATORY,""EUDR Article 9 requires geolocation data for all commodities. DDS Reference Number must be transmitted via EDI DESADV RFF segment."",2026-12-30,""[""""food"""",""""timber"""",""""textiles""""]"",true",./docs/GS1_Attribute_Mapper_Technical_Specification.md,"2.4 Phase 3: Regulation-to-Attribute Mapping (Week 2-3, 24 hours)","5,42,MANDATORY,""EUDR Article 9 requires geolocation data for all commodities. DDS Reference Number m",traceable
data-knowledge-model.md,DAT-013,"8,67,MANDATORY,""PPWR Article 11 mandates recyclability labeling. Packaging material type must be specified using granular codes (e.g., PET_TRANSPARENT vs. PET_OPAQUE) for Verpact fee calculation."",202",./docs/GS1_Attribute_Mapper_Technical_Specification.md,"2.4 Phase 3: Regulation-to-Attribute Mapping (Week 2-3, 24 hours)","8,67,MANDATORY,""PPWR Article 11 mandates recyclability labeling. Packaging material type must be spe",traceable
data-knowledge-model.md,DAT-014,"Task: Identify which GS1 attributes are required, recommended, or optional for compliance with this regulation.",./docs/GS1_Attribute_Mapper_Technical_Specification.md,"2.4 Phase 3: Regulation-to-Attribute Mapping (Week 2-3, 24 hours)","Task: Identify which GS1 attributes are required, recommended, or optional for compliance with this ",traceable
data-knowledge-model.md,DAT-015,"Focus on attributes that are directly required by the regulation's legal text, not just ""nice to have.""`;",./docs/GS1_Attribute_Mapper_Technical_Specification.md,"2.4 Phase 3: Regulation-to-Attribute Mapping (Week 2-3, 24 hours)","Focus on attributes that are directly required by the regulation's legal text, not just ""nice to hav",traceable
data-knowledge-model.md,DAT-016,"required: [""attributeName"", ""requirementLevel"", ""rationale""],",./docs/GS1_Attribute_Mapper_Technical_Specification.md,"2.4 Phase 3: Regulation-to-Attribute Mapping (Week 2-3, 24 hours)","required: [""attributeName"", ""requirementLevel"", ""rationale""],",traceable
data-knowledge-model.md,DAT-017,"required: [""mappings""],",./docs/GS1_Attribute_Mapper_Technical_Specification.md,"2.4 Phase 3: Regulation-to-Attribute Mapping (Week 2-3, 24 hours)","required: [""mappings""],",traceable
data-knowledge-model.md,DAT-018,// Get attributes required for a specific regulation,./docs/GS1_Attribute_Mapper_Technical_Specification.md,3.2 tRPC Procedures,// Get attributes required for a specific regulation,traceable
data-knowledge-model.md,DAT-019,| `gs1Attributes.getByRegulation` | Query    | Public | Get attributes required for specific regulation         |,./docs/GS1_Attribute_Mapper_Technical_Specification.md,3.3 API Endpoints Summary,| `gs1Attributes.getByRegulation` | Query | Public | Get attributes required for specific regulation,traceable
data-knowledge-model.md,DAT-020,"This component displays GS1 attributes required for a specific regulation, organized by technical format (GDSN, EDI, JSON-LD).",./docs/GS1_Attribute_Mapper_Technical_Specification.md,4.1 UI Component: Attribute Mapper Tab,"This component displays GS1 attributes required for a specific regulation, organized by technical fo",traceable
governance-iron-protocol.md,GOV-001,Any non-root task must be safely discardable without loss of configuration.,./docs/governance/ISA_MANUS_PROJECT_GOVERNANCE.md,2. Governance Principles,Any non-root task must be safely discardable without loss of configuration.,traceable
governance-iron-protocol.md,GOV-002,All configuration assumptions must be written down.,./docs/governance/ISA_MANUS_PROJECT_GOVERNANCE.md,2. Governance Principles,All configuration assumptions must be written down.,traceable
governance-iron-protocol.md,GOV-003,* MUST NOT be deleted,./docs/governance/ISA_MANUS_PROJECT_GOVERNANCE.md,4.3 Immutability Rules,* MUST NOT be deleted,traceable
governance-iron-protocol.md,GOV-004,* MUST NOT be archived,./docs/governance/ISA_MANUS_PROJECT_GOVERNANCE.md,4.3 Immutability Rules,* MUST NOT be archived,traceable
governance-iron-protocol.md,GOV-005,* MUST NOT be duplicated,./docs/governance/ISA_MANUS_PROJECT_GOVERNANCE.md,4.3 Immutability Rules,* MUST NOT be duplicated,traceable
governance-iron-protocol.md,GOV-006,* MUST NOT be replaced,./docs/governance/ISA_MANUS_PROJECT_GOVERNANCE.md,4.3 Immutability Rules,* MUST NOT be replaced,traceable
governance-iron-protocol.md,GOV-007,If a required variable is missing:,./docs/governance/ISA_MANUS_PROJECT_GOVERNANCE.md,5.3 Discovery Rule,If a required variable is missing:,traceable
governance-iron-protocol.md,GOV-008,* All ISA tasks MUST be created by **continuing from the root task**,./docs/governance/ISA_MANUS_PROJECT_GOVERNANCE.md,6. Task Creation and Continuation Rules,* All ISA tasks MUST be created by **continuing from the root task**,traceable
governance-iron-protocol.md,GOV-009,Manus must pause and report; a human must intervene.,./docs/governance/ISA_MANUS_PROJECT_GOVERNANCE.md,7. External Trust Boundaries,Manus must pause and report; a human must intervene.,traceable
governance-iron-protocol.md,GOV-010,Documents created inside tasks must be exported to:,./docs/governance/ISA_MANUS_PROJECT_GOVERNANCE.md,10. Manus Task Document Exports,Documents created inside tasks must be exported to:,traceable
governance-iron-protocol.md,GOV-011,**Description:** AI agent MUST escalate all potentially impactful decisions to user.,./GOVERNANCE.md,Lane C: User-Decision Mode (ACTIVE),**Description:** AI agent MUST escalate all potentially impactful decisions to user.,traceable
governance-iron-protocol.md,GOV-012,5. **User Authority:** Silence is NOT consent; explicit approval required for Lane C triggers,./GOVERNANCE.md,Red-Line Principles (Inviolable),5. **User Authority:** Silence is NOT consent; explicit approval required for Lane C triggers,traceable
governance-iron-protocol.md,GOV-013,"When a Lane C trigger is detected, the AI agent MUST use this format:",./GOVERNANCE.md,Mandatory Escalation Format,"When a Lane C trigger is detected, the AI agent MUST use this format:",traceable
governance-iron-protocol.md,GOV-014,üö® LANE C ESCALATION REQUIRED,./GOVERNANCE.md,Mandatory Escalation Format,üö® LANE C ESCALATION REQUIRED,traceable
governance-iron-protocol.md,GOV-015,**Decision Required:**,./GOVERNANCE.md,Mandatory Escalation Format,**Decision Required:**,traceable
governance-iron-protocol.md,GOV-016,"Before and after any development work, the AI agent MUST perform a governance self-check:",./GOVERNANCE.md,Governance Self-Checks,"Before and after any development work, the AI agent MUST perform a governance self-check:",traceable
governance-iron-protocol.md,GOV-017,4. **Decision 4 (2025-12-17):** Advisory report publication deferred - Lane C review required,./GOVERNANCE.md,Current Governance Status (2025-12-17),4. **Decision 4 (2025-12-17):** Advisory report publication deferred - Lane C review required,traceable
governance-iron-protocol.md,GOV-018,"- Validate claims of completeness, compliance, or currency",./ISA_GOVERNANCE.md,2.1 ISA Executive Steward (User),"- Validate claims of completeness, compliance, or currency",traceable
governance-iron-protocol.md,GOV-019,- Recommend governance mode transitions when appropriate,./ISA_GOVERNANCE.md,2.2 Manus (Autonomous Development Agent),- Recommend governance mode transitions when appropriate,traceable
governance-iron-protocol.md,GOV-020,- MUST escalate all decisions matching Lane C triggers,./ISA_GOVERNANCE.md,2.2 Manus (Autonomous Development Agent),- MUST escalate all decisions matching Lane C triggers,traceable
ingestion-update-lifecycle.md,ING-001,"**Review Checkpoint:** Verify exports, types, and test coverage before integration.",./docs/CODEX_DELEGATION_SPEC.md,Task 1: Database Test Helper Utilities,"**Review Checkpoint:** Verify exports, types, and test coverage before integration.",traceable
ingestion-update-lifecycle.md,ING-002,Write tests in `server/test-helpers/api-mocks.test.ts` to validate:,./docs/CODEX_DELEGATION_SPEC.md,Task 2: External API Mock Generator,Write tests in `server/test-helpers/api-mocks.test.ts` to validate:,traceable
ingestion-update-lifecycle.md,ING-003,**Review Checkpoint:** Verify type compatibility with production code before merging.,./docs/CODEX_DELEGATION_SPEC.md,Task 2: External API Mock Generator,**Review Checkpoint:** Verify type compatibility with production code before merging.,traceable
ingestion-update-lifecycle.md,ING-004,Each component should:,./docs/CODEX_DELEGATION_SPEC.md,Task 8: UI Feature Component Scaffolding,Each component should:,traceable
ingestion-update-lifecycle.md,ING-005,1. [ ] Verify task is self-contained and isolated,./docs/CODEX_DELEGATION_SPEC.md,Pre-Delegation Checklist,1. [ ] Verify task is self-contained and isolated,traceable
ingestion-update-lifecycle.md,ING-006,2. [ ] Confirm no architectural changes required,./docs/CODEX_DELEGATION_SPEC.md,Pre-Delegation Checklist,2. [ ] Confirm no architectural changes required,traceable
ingestion-update-lifecycle.md,ING-007,- Verify acceptance criteria met,./docs/CODEX_DELEGATION_SPEC.md,Integration Process,- Verify acceptance criteria met,traceable
ingestion-update-lifecycle.md,ING-008,- [List of files Codex should read],./docs/CODEX_DELEGATION_SPEC.md,Reference Files,- [List of files Codex should read],traceable
ingestion-update-lifecycle.md,ING-009,[When and how to validate completion],./docs/CODEX_DELEGATION_SPEC.md,Review Checkpoint,[When and how to validate completion],traceable
ingestion-update-lifecycle.md,ING-010,Codex should provide status updates in this format:,./docs/CODEX_DELEGATION_SPEC.md,Status Updates,Codex should provide status updates in this format:,traceable
ingestion-update-lifecycle.md,ING-011,- **Tested:** Unit tests ensure correctness,./docs/FILE_SYSTEM_MEMORY_ARCHITECTURE.md,4. Application Logic (`server/`),- **Tested:** Unit tests ensure correctness,traceable
ingestion-update-lifecycle.md,ING-012,**Solution:** Use `sort-keys` to ensure consistent JSON output.,./docs/FILE_SYSTEM_MEMORY_ARCHITECTURE.md,Strategy 3: Deterministic JSON Serialization,**Solution:** Use `sort-keys` to ensure consistent JSON output.,traceable
ingestion-update-lifecycle.md,ING-013,- [ ] Verify dashboard UI rendering,./docs/PIPELINE_OBSERVABILITY_SPEC.md,Phase 6: Testing & Validation,- [ ] Verify dashboard UI rendering,traceable
ingestion-update-lifecycle.md,ING-014,5. **Integration automation** - Scripts to extract and validate your deliverables,./CHATGPT_UPDATE_PROMPT.md,Update Summary,5. **Integration automation** - Scripts to extract and validate your deliverables,traceable
ingestion-update-lifecycle.md,ING-015,- Run tests and validate data quality,./CHATGPT_UPDATE_PROMPT.md,Your Role (ChatGPT 5.1),- Run tests and validate data quality,traceable
ingestion-update-lifecycle.md,ING-016,- What you must deliver (4-5 files),./CHATGPT_UPDATE_PROMPT.md,2. ChatGPT Instructions,- What you must deliver (4-5 files),traceable
ingestion-update-lifecycle.md,ING-017,**Must include:**,./CHATGPT_UPDATE_PROMPT.md,File 1: Ingestion Module,**Must include:**,traceable
ingestion-update-lifecycle.md,ING-018,8. **Don't skip documentation** - README is required,./CHATGPT_UPDATE_PROMPT.md,‚ùå DON'T:,8. **Don't skip documentation** - README is required,traceable
ingestion-update-lifecycle.md,ING-019,3. Unclear: Should I normalize <field> or keep raw?,./CHATGPT_UPDATE_PROMPT.md,If You Can't Complete the Task,3. Unclear: Should I normalize <field> or keep raw?,traceable
ingestion-update-lifecycle.md,ING-020,6. **Code Review:** CODEOWNERS review required,./ROADMAP_GITHUB_INTEGRATION.md,New Workflow (GitHub-First),6. **Code Review:** CODEOWNERS review required,traceable
catalogue-source-registry.md,CAT-001,**Canonical URL:** GS1 Netherlands member portal (authentication required),./ISA_GS1_ARTIFACT_INVENTORY.md,2. GS1 NL Data Attribute System (DAS) Explanations,**Canonical URL:** GS1 Netherlands member portal (authentication required),traceable
catalogue-source-registry.md,CAT-002,- Should inform `dutch_initiatives` table,./ISA_GS1_ARTIFACT_INVENTORY.md,"3. GS1 Benelux Data Models (DHZTD, FMCG)",- Should inform `dutch_initiatives` table,traceable
catalogue-source-registry.md,CAT-003,- Required for understanding GS1 barcode and Digital Link syntax,./ISA_GS1_ARTIFACT_INVENTORY.md,A1. GS1 General Specifications Standard,- Required for understanding GS1 barcode and Digital Link syntax,traceable
catalogue-source-registry.md,CAT-004,- Should inform `gs1_standards` table (currently has 60 standards),./ISA_GS1_ARTIFACT_INVENTORY.md,A1. GS1 General Specifications Standard,- Should inform `gs1_standards` table (currently has 60 standards),traceable
catalogue-source-registry.md,CAT-005,- Should inform `gs1_standards` table,./ISA_GS1_ARTIFACT_INVENTORY.md,A3. GS1 Global Data Model (GDM) - Standard Document,- Should inform `gs1_standards` table,traceable
catalogue-source-registry.md,CAT-006,- Should inform DPP-related regulation mappings,./ISA_GS1_ARTIFACT_INVENTORY.md,B1. GS1 Digital Link Standard - URI Syntax,- Should inform DPP-related regulation mappings,traceable
catalogue-source-registry.md,CAT-007,"- Required for CSRD Scope 3 emissions, EUDR, PPWR compliance",./ISA_GS1_ARTIFACT_INVENTORY.md,C1. EPCIS & CBV Standard Version 2.0,"- Required for CSRD Scope 3 emissions, EUDR, PPWR compliance",traceable
catalogue-source-registry.md,CAT-008,- Should inform traceability-related regulation mappings,./ISA_GS1_ARTIFACT_INVENTORY.md,C1. EPCIS & CBV Standard Version 2.0,- Should inform traceability-related regulation mappings,traceable
catalogue-source-registry.md,CAT-009,- Should inform AI-related regulation mappings,./ISA_GS1_ARTIFACT_INVENTORY.md,D1. GS1 Application Identifier Browser Dataset,- Should inform AI-related regulation mappings,traceable
catalogue-source-registry.md,CAT-010,**Authentication Required:**,./ISA_GS1_ARTIFACT_INVENTORY.md,Canonical Sources,**Authentication Required:**,traceable
catalogue-source-registry.md,CAT-011,"This catalog documents all canonical datasets used by ISA for advisory and mapping outputs. Every dataset entry includes versioning metadata, lineage information, and refresh plans to ensure traceabil",./docs/DATASETS_CATALOG.md,Overview,This catalog documents all canonical datasets used by ISA for advisory and mapping outputs. Every da,traceable
catalogue-source-registry.md,CAT-012,- Auth Required: Yes (GS1 membership or license agreement),./docs/DATASETS_CATALOG.md,2. GDSN Current v3.1.32,- Auth Required: Yes (GS1 membership or license agreement),traceable
catalogue-source-registry.md,CAT-013,"Per MANUS_EXECUTION_BRIEF Section 5.1, every dataset must include:",./docs/DATASETS_CATALOG.md,Dataset Metadata Requirements,"Per MANUS_EXECUTION_BRIEF Section 5.1, every dataset must include:",traceable
catalogue-source-registry.md,CAT-014,- Current and future versions must coexist in catalog,./docs/DATASETS_CATALOG.md,Versioning Policy,- Current and future versions must coexist in catalog,traceable
catalogue-source-registry.md,CAT-015,| Human review required | ‚úÖ Enforced in governance |,./PRODUCTION_READINESS.md,Change Detection,| Human review required | ‚úÖ Enforced in governance |,traceable
catalogue-source-registry.md,CAT-016,| **Artefact drift** | Medium | EUR-Lex sources may change; periodic manual re-verification required |,./PRODUCTION_READINESS.md,Residual Risks,| **Artefact drift** | Medium | EUR-Lex sources may change; periodic manual re-verification required,traceable
catalogue-source-registry.md,CAT-017,1. ‚úÖ GS1 is never legally required (disclaimer in all API responses),./PRODUCTION_READINESS.md,Governance Constraints Enforced,1. ‚úÖ GS1 is never legally required (disclaimer in all API responses),traceable
catalogue-source-registry.md,CAT-018,6. ‚úÖ Traceability chain required for all GS1 relevance claims,./PRODUCTION_READINESS.md,Governance Constraints Enforced,6. ‚úÖ Traceability chain required for all GS1 relevance claims,traceable
catalogue-source-registry.md,CAT-019,- ISA should treat evals as first-class artefacts alongside corpus/obligations/mappings.,./docs/evidence/_benchmarks/ISA_EXTERNAL_BENCHMARK_NOTES_v2.md,1) Evaluation frameworks (must-have for ISA critical path),- ISA should treat evals as first-class artefacts alongside corpus/obligations/mappings.,traceable
catalogue-source-registry.md,CAT-020,- A ‚Äúgolden set‚Äù of questions + expected citations should exist per journey.,./docs/evidence/_benchmarks/ISA_EXTERNAL_BENCHMARK_NOTES_v2.md,1) Evaluation frameworks (must-have for ISA critical path),- A ‚Äúgolden set‚Äù of questions + expected citations should exist per journey.,traceable
retrieval-embeddings-grounding.md,RET-001,"**Value Proposition:** Enhanced reasoning capabilities could enable ISA to answer complex queries like ""What GS1 standards must a textile manufacturer implement to comply with both CSRD and Digital Pr",./ISA_CAPABILITY_MAP.md,Domain 1: Reasoning & Inference,**Value Proposition:** Enhanced reasoning capabilities could enable ISA to answer complex queries li,traceable
retrieval-embeddings-grounding.md,RET-002,- **Maintenance Burden:** Rules must be updated when regulations change; potential for rule drift,./ISA_CAPABILITY_MAP.md,Approach 1B: Hybrid Symbolic-Neural Reasoning,- **Maintenance Burden:** Rules must be updated when regulations change; potential for rule drift,traceable
retrieval-embeddings-grounding.md,RET-003,"**Gap:** The current architecture cannot efficiently answer graph-traversal queries (e.g., ""What are all transitive dependencies between CSRD, affected ESRS datapoints, required GS1 standards, and imp",./ISA_CAPABILITY_MAP.md,Domain 3: Knowledge Representation & Graph Intelligence,"**Gap:** The current architecture cannot efficiently answer graph-traversal queries (e.g., ""What are",traceable
retrieval-embeddings-grounding.md,RET-004,- **Learning Curve:** Team must learn graph query languages and data modeling patterns,./ISA_CAPABILITY_MAP.md,Approach 3A: Hybrid Relational + Property Graph,- **Learning Curve:** Team must learn graph query languages and data modeling patterns,traceable
retrieval-embeddings-grounding.md,RET-005,- **Maintenance:** Model retraining required as knowledge base evolves; potential for embedding drift,./ISA_CAPABILITY_MAP.md,Approach 3C: Embeddings-Based Knowledge Graph with GNN,- **Maintenance:** Model retraining required as knowledge base evolves; potential for embedding drif,traceable
retrieval-embeddings-grounding.md,RET-006,- Build PDF processing pipeline (upload ‚Üí parse ‚Üí validate ‚Üí store),./ISA_CAPABILITY_MAP.md,Approach 4A: Document Intelligence with Layout-Aware Parsing,- Build PDF processing pipeline (upload ‚Üí parse ‚Üí validate ‚Üí store),traceable
retrieval-embeddings-grounding.md,RET-007,"**Current ISA Capability:** ISA provides historical and current information about regulations, standards, and compliance requirements. The News Hub tracks recent developments, but the system operates ",./ISA_CAPABILITY_MAP.md,Domain 5: Predictive Intelligence & Change Detection,"**Current ISA Capability:** ISA provides historical and current information about regulations, stand",traceable
retrieval-embeddings-grounding.md,RET-008,"**Gap:** Organizations need advance warning of regulatory changes to plan compliance strategies, allocate resources, and avoid last-minute scrambles. ISA currently cannot predict which regulations are",./ISA_CAPABILITY_MAP.md,Domain 5: Predictive Intelligence & Change Detection,"**Gap:** Organizations need advance warning of regulatory changes to plan compliance strategies, all",traceable
retrieval-embeddings-grounding.md,RET-009,- **Mitigation:** Validate graph query value with simpler property graph (Domain 3A only) before adding GNN and reasoning layers,./ISA_CAPABILITY_MAP.md,Scenario C: Knowledge Graph-Powered Compliance Intelligence,- **Mitigation:** Validate graph query value with simpler property graph (Domain 3A only) before add,traceable
retrieval-embeddings-grounding.md,RET-010,"Given the breadth of capability options explored above, this section provides a decision framework to guide which approaches to validate first based on strategic priorities, risk tolerance, and resour",./ISA_CAPABILITY_MAP.md,Decision Framework: Choosing Exploration Paths,"Given the breadth of capability options explored above, this section provides a decision framework t",traceable
retrieval-embeddings-grounding.md,RET-011,Each exploration phase should have clear success criteria and off-ramps to avoid sunk cost fallacy.,./ISA_CAPABILITY_MAP.md,Success Criteria and Off-Ramps,Each exploration phase should have clear success criteria and off-ramps to avoid sunk cost fallacy.,traceable
retrieval-embeddings-grounding.md,RET-012,"As ISA explores next-generation capabilities, certain architectural principles and constraints should guide implementation decisions to ensure the platform remains maintainable, cost-effective, and al",./ISA_CAPABILITY_MAP.md,Architectural Principles and Constraints,"As ISA explores next-generation capabilities, certain architectural principles and constraints shoul",traceable
retrieval-embeddings-grounding.md,RET-013,**Rationale:** The exploration phase is explicitly about keeping multiple paths open. Architectural decisions should minimize lock-in and enable pivoting based on empirical validation.,./ISA_CAPABILITY_MAP.md,Principle 1: Preserve Optionality,**Rationale:** The exploration phase is explicitly about keeping multiple paths open. Architectural ,traceable
retrieval-embeddings-grounding.md,RET-014,"- **Modular Integration:** New capabilities should integrate via well-defined interfaces (tRPC procedures, database views, API endpoints) rather than deep coupling",./ISA_CAPABILITY_MAP.md,Principle 1: Preserve Optionality,- **Modular Integration:** New capabilities should integrate via well-defined interfaces (tRPC proce,traceable
retrieval-embeddings-grounding.md,RET-015,- **Feature Flags:** All next-generation capabilities should be gated behind feature flags to enable selective deployment and A/B testing,./ISA_CAPABILITY_MAP.md,Principle 1: Preserve Optionality,- **Feature Flags:** All next-generation capabilities should be gated behind feature flags to enable,traceable
retrieval-embeddings-grounding.md,RET-016,"- **Reversibility:** Infrastructure investments (graph databases, vector stores, agent frameworks) should be containerized and easily decommissioned if validation fails",./ISA_CAPABILITY_MAP.md,Principle 1: Preserve Optionality,"- **Reversibility:** Infrastructure investments (graph databases, vector stores, agent frameworks) s",traceable
retrieval-embeddings-grounding.md,RET-017,"- **Data Portability:** Knowledge representations (embeddings, graph structures, ontologies) should be exportable to avoid vendor lock-in",./ISA_CAPABILITY_MAP.md,Principle 1: Preserve Optionality,"- **Data Portability:** Knowledge representations (embeddings, graph structures, ontologies) should ",traceable
retrieval-embeddings-grounding.md,RET-018,"**Rationale:** Complex approaches (multi-agent systems, GNN embeddings, formal ontologies) introduce operational burden, failure modes, and maintenance costs. Simpler approaches should be exhausted be",./ISA_CAPABILITY_MAP.md,"Principle 3: Start Simple, Add Complexity Judiciously","**Rationale:** Complex approaches (multi-agent systems, GNN embeddings, formal ontologies) introduce",traceable
retrieval-embeddings-grounding.md,RET-019,"- **Operational Readiness:** New systems must include monitoring, logging, error handling, and runbooks before production deployment",./ISA_CAPABILITY_MAP.md,"Principle 3: Start Simple, Add Complexity Judiciously","- **Operational Readiness:** New systems must include monitoring, logging, error handling, and runbo",traceable
retrieval-embeddings-grounding.md,RET-020,- **Fallback Mechanisms:** Complex capabilities should degrade gracefully to simpler approaches when failures occur,./ISA_CAPABILITY_MAP.md,"Principle 3: Start Simple, Add Complexity Judiciously",- **Fallback Mechanisms:** Complex capabilities should degrade gracefully to simpler approaches when,traceable
evaluation-governance-reproducibility.md,EVA-001,- [ ] Verify dashboard UI rendering,./docs/PIPELINE_OBSERVABILITY_SPEC.md,Phase 6: Testing & Validation,- [ ] Verify dashboard UI rendering,traceable
evaluation-governance-reproducibility.md,EVA-002,- **Escalation Required:** ‚úÖ YES (Creating third-party connection),./docs/GOVERNANCE_SELF_CHECK_2025-12-17.md,Action 1: Created GitHub Repository (GS1-ISA/isa),- **Escalation Required:** ‚úÖ YES (Creating third-party connection),traceable
evaluation-governance-reproducibility.md,EVA-003,- This action would have required escalation under Lane C,./docs/GOVERNANCE_SELF_CHECK_2025-12-17.md,Action 1: Created GitHub Repository (GS1-ISA/isa),- This action would have required escalation under Lane C,traceable
evaluation-governance-reproducibility.md,EVA-004,- **Escalation Required:** ‚úÖ YES (Creating authentication token),./docs/GOVERNANCE_SELF_CHECK_2025-12-17.md,Action 2: Configured Fine-Grained Personal Access Token,- **Escalation Required:** ‚úÖ YES (Creating authentication token),traceable
evaluation-governance-reproducibility.md,EVA-005,- **Escalation Required:** ‚ùå NO (Writing code and documentation),./docs/GOVERNANCE_SELF_CHECK_2025-12-17.md,Action 3: Pushed Initial Repository Structure,- **Escalation Required:** ‚ùå NO (Writing code and documentation),traceable
evaluation-governance-reproducibility.md,EVA-006,- This action would NOT have required escalation under Lane C,./docs/GOVERNANCE_SELF_CHECK_2025-12-17.md,Action 3: Pushed Initial Repository Structure,- This action would NOT have required escalation under Lane C,traceable
evaluation-governance-reproducibility.md,EVA-007,- **Escalation Required:** ‚ùå NO (Testing and validation),./docs/GOVERNANCE_SELF_CHECK_2025-12-17.md,Action 4: Created Issue #1 and PR #2 for Validation,- **Escalation Required:** ‚ùå NO (Testing and validation),traceable
evaluation-governance-reproducibility.md,EVA-008,- **Escalation Required:** ‚ö†Ô∏è DEPENDS (Policy change if scope modified),./docs/GOVERNANCE_SELF_CHECK_2025-12-17.md,Action 5: Updated ISA Development Roadmaps,- **Escalation Required:** ‚ö†Ô∏è DEPENDS (Policy change if scope modified),traceable
evaluation-governance-reproducibility.md,EVA-009,- This action would likely NOT have required escalation under Lane C,./docs/GOVERNANCE_SELF_CHECK_2025-12-17.md,Action 5: Updated ISA Development Roadmaps,- This action would likely NOT have required escalation under Lane C,traceable
evaluation-governance-reproducibility.md,EVA-010,- **Escalation Required:** ‚ö†Ô∏è SPECIAL CASE (Implementing governance framework as directed),./docs/GOVERNANCE_SELF_CHECK_2025-12-17.md,Action 6: Created ISA_GOVERNANCE.md,- **Escalation Required:** ‚ö†Ô∏è SPECIAL CASE (Implementing governance framework as directed),traceable
evaluation-governance-reproducibility.md,EVA-011,- No escalation required when executing direct user instructions,./docs/GOVERNANCE_SELF_CHECK_2025-12-17.md,Action 6: Created ISA_GOVERNANCE.md,- No escalation required when executing direct user instructions,traceable
evaluation-governance-reproducibility.md,EVA-012,- **Escalation Required:** ‚ùå NO (Documentation),./docs/GOVERNANCE_SELF_CHECK_2025-12-17.md,Action 7: Created README.md with Governance References,- **Escalation Required:** ‚ùå NO (Documentation),traceable
evaluation-governance-reproducibility.md,EVA-013,- User action required to configure branch protection via GitHub UI,./docs/GOVERNANCE_SELF_CHECK_2025-12-17.md,Risk 2: Branch Protection Not Yet Configured,- User action required to configure branch protection via GitHub UI,traceable
evaluation-governance-reproducibility.md,EVA-014,**Impact:** Potential development disruption if schema import is required.,./docs/GOVERNANCE_SELF_CHECK_2025-12-17.md,Risk 3: Database Schema Error (Pre-Existing),**Impact:** Potential development disruption if schema import is required.,traceable
evaluation-governance-reproducibility.md,EVA-015,- User action required to enable at org level,./docs/GOVERNANCE_SELF_CHECK_2025-12-17.md,Risk 5: Security Features Not Yet Enabled (Org-Level),- User action required to enable at org level,traceable
evaluation-governance-reproducibility.md,EVA-016,1. **User Action Required:** Configure branch protection on GitHub repository main branch,./docs/GOVERNANCE_SELF_CHECK_2025-12-17.md,Immediate (Next 24 Hours),1. **User Action Required:** Configure branch protection on GitHub repository main branch,traceable
evaluation-governance-reproducibility.md,EVA-017,2. **User Decision Required:** Determine ISA license,./docs/GOVERNANCE_SELF_CHECK_2025-12-17.md,Immediate (Next 24 Hours),2. **User Decision Required:** Determine ISA license,traceable
evaluation-governance-reproducibility.md,EVA-018,- Ensure procedures are comprehensive and current,./docs/GOVERNANCE_SELF_CHECK_2025-12-17.md,Short-Term (Next 14 Days),- Ensure procedures are comprehensive and current,traceable
evaluation-governance-reproducibility.md,EVA-019,- Validate security monitoring is working,./docs/GOVERNANCE_SELF_CHECK_2025-12-17.md,Medium-Term (Next 30 Days),- Validate security monitoring is working,traceable
evaluation-governance-reproducibility.md,EVA-020,- I will perform governance self-checks as required,./docs/GOVERNANCE_SELF_CHECK_2025-12-17.md,7. Governance Compliance Statement,- I will perform governance self-checks as required,traceable
observability-tracing-feedback.md,OBS-001,1. **Initial Setup**: New deployments or data migrations required manual workarounds to populate historical news data,./docs/PHASE_8.3_INGESTION_WINDOW_COMPLETE.md,Problem Statement,1. **Initial Setup**: New deployments or data migrations required manual workarounds to populate his,traceable
observability-tracing-feedback.md,OBS-002,2. **Data Recovery**: System failures or extended downtime required custom scripts to backfill missing news items,./docs/PHASE_8.3_INGESTION_WINDOW_COMPLETE.md,Problem Statement,2. **Data Recovery**: System failures or extended downtime required custom scripts to backfill missi,traceable
observability-tracing-feedback.md,OBS-003,"2. Ensure ""Normal (30 days)"" is selected (default)",./docs/PHASE_8.3_INGESTION_WINDOW_COMPLETE.md,Normal Mode (Daily Operations),"2. Ensure ""Normal (30 days)"" is selected (default)",traceable
observability-tracing-feedback.md,OBS-004,**Note:** Automated tests validate core mode logic but require enhanced mocking for full pipeline execution. Manual testing via admin UI is recommended for end-to-end validation.,./docs/PHASE_8.3_INGESTION_WINDOW_COMPLETE.md,Automated Testing,**Note:** Automated tests validate core mode logic but require enhanced mocking for full pipeline ex,traceable
observability-tracing-feedback.md,OBS-005,4. **Mode Analytics**: Track mode usage patterns and recommend optimal configurations,./docs/PHASE_8.3_INGESTION_WINDOW_COMPLETE.md,Potential Improvements,4. **Mode Analytics**: Track mode usage patterns and recommend optimal configurations,traceable
observability-tracing-feedback.md,OBS-006,The following environment variables must be configured in the production environment:,./docs/PRODUCTION_DEPLOYMENT.md,Environment Variables,The following environment variables must be configured in the production environment:,traceable
observability-tracing-feedback.md,OBS-007,| Variable | Description | Required |,./docs/PRODUCTION_DEPLOYMENT.md,Environment Variables,| Variable | Description | Required |,traceable
observability-tracing-feedback.md,OBS-008,4. **Verify rollback**: Check health endpoints,./docs/PRODUCTION_DEPLOYMENT.md,Rollback Procedure,4. **Verify rollback**: Check health endpoints,traceable
observability-tracing-feedback.md,OBS-009,| Criterion | Required | Actual | Status |,./docs/PHASE4_OPERATIONAL_READINESS_REPORT.md,6. Completion Criteria Verification,| Criterion | Required | Actual | Status |,traceable
observability-tracing-feedback.md,OBS-010,"- ‚ö†Ô∏è Cookie consent banner not implemented (minimal cookies, not required)",./docs/PRODUCTION_IMPROVEMENTS_JAN_2026.md,5.1 Updated Checklist,"- ‚ö†Ô∏è Cookie consent banner not implemented (minimal cookies, not required)",traceable
observability-tracing-feedback.md,OBS-011,- Cookie consent banner (not required for essential cookies only),./docs/PRODUCTION_IMPROVEMENTS_JAN_2026.md,5.2 Overall Status,- Cookie consent banner (not required for essential cookies only),traceable
observability-tracing-feedback.md,OBS-012,No new environment variables required. All improvements use existing infrastructure:,./docs/PRODUCTION_IMPROVEMENTS_JAN_2026.md,6.1 Environment Variables,No new environment variables required. All improvements use existing infrastructure:,traceable
observability-tracing-feedback.md,OBS-013,- Rate limiting: In-memory store (no Redis required),./docs/PRODUCTION_IMPROVEMENTS_JAN_2026.md,6.1 Environment Variables,- Rate limiting: In-memory store (no Redis required),traceable
observability-tracing-feedback.md,OBS-014,No database migrations required. All improvements are application-level.,./docs/PRODUCTION_IMPROVEMENTS_JAN_2026.md,6.2 Database Changes,No database migrations required. All improvements are application-level.,traceable
observability-tracing-feedback.md,OBS-015,- [ ] Implement cookie consent banner (if required by legal review),./docs/PRODUCTION_IMPROVEMENTS_JAN_2026.md,8.1 Short-Term (Next 30 Days),- [ ] Implement cookie consent banner (if required by legal review),traceable
observability-tracing-feedback.md,OBS-016,- [ ] Conduct load testing to validate scaling assumptions,./docs/PRODUCTION_IMPROVEMENTS_JAN_2026.md,8.2 Long-Term (Next 90 Days),- [ ] Conduct load testing to validate scaling assumptions,traceable
observability-tracing-feedback.md,OBS-017,"3. **No Progress Persistence:** If interrupted, must restart from beginning",./docs/EMBEDDING_PIPELINE_OPTIMIZATION.md,Limitations,"3. **No Progress Persistence:** If interrupted, must restart from beginning",traceable
repo-change-control-release.md,REP-001,- **Escalation Required:** ‚úÖ YES (Creating third-party connection),./docs/GOVERNANCE_SELF_CHECK_2025-12-17.md,Action 1: Created GitHub Repository (GS1-ISA/isa),- **Escalation Required:** ‚úÖ YES (Creating third-party connection),traceable
repo-change-control-release.md,REP-002,- This action would have required escalation under Lane C,./docs/GOVERNANCE_SELF_CHECK_2025-12-17.md,Action 1: Created GitHub Repository (GS1-ISA/isa),- This action would have required escalation under Lane C,traceable
repo-change-control-release.md,REP-003,- **Escalation Required:** ‚úÖ YES (Creating authentication token),./docs/GOVERNANCE_SELF_CHECK_2025-12-17.md,Action 2: Configured Fine-Grained Personal Access Token,- **Escalation Required:** ‚úÖ YES (Creating authentication token),traceable
repo-change-control-release.md,REP-004,- **Escalation Required:** ‚ùå NO (Writing code and documentation),./docs/GOVERNANCE_SELF_CHECK_2025-12-17.md,Action 3: Pushed Initial Repository Structure,- **Escalation Required:** ‚ùå NO (Writing code and documentation),traceable
repo-change-control-release.md,REP-005,- This action would NOT have required escalation under Lane C,./docs/GOVERNANCE_SELF_CHECK_2025-12-17.md,Action 3: Pushed Initial Repository Structure,- This action would NOT have required escalation under Lane C,traceable
repo-change-control-release.md,REP-006,- **Escalation Required:** ‚ùå NO (Testing and validation),./docs/GOVERNANCE_SELF_CHECK_2025-12-17.md,Action 4: Created Issue #1 and PR #2 for Validation,- **Escalation Required:** ‚ùå NO (Testing and validation),traceable
repo-change-control-release.md,REP-007,- **Escalation Required:** ‚ö†Ô∏è DEPENDS (Policy change if scope modified),./docs/GOVERNANCE_SELF_CHECK_2025-12-17.md,Action 5: Updated ISA Development Roadmaps,- **Escalation Required:** ‚ö†Ô∏è DEPENDS (Policy change if scope modified),traceable
repo-change-control-release.md,REP-008,- This action would likely NOT have required escalation under Lane C,./docs/GOVERNANCE_SELF_CHECK_2025-12-17.md,Action 5: Updated ISA Development Roadmaps,- This action would likely NOT have required escalation under Lane C,traceable
repo-change-control-release.md,REP-009,- **Escalation Required:** ‚ö†Ô∏è SPECIAL CASE (Implementing governance framework as directed),./docs/GOVERNANCE_SELF_CHECK_2025-12-17.md,Action 6: Created ISA_GOVERNANCE.md,- **Escalation Required:** ‚ö†Ô∏è SPECIAL CASE (Implementing governance framework as directed),traceable
repo-change-control-release.md,REP-010,- No escalation required when executing direct user instructions,./docs/GOVERNANCE_SELF_CHECK_2025-12-17.md,Action 6: Created ISA_GOVERNANCE.md,- No escalation required when executing direct user instructions,traceable
repo-change-control-release.md,REP-011,- **Escalation Required:** ‚ùå NO (Documentation),./docs/GOVERNANCE_SELF_CHECK_2025-12-17.md,Action 7: Created README.md with Governance References,- **Escalation Required:** ‚ùå NO (Documentation),traceable
repo-change-control-release.md,REP-012,- User action required to configure branch protection via GitHub UI,./docs/GOVERNANCE_SELF_CHECK_2025-12-17.md,Risk 2: Branch Protection Not Yet Configured,- User action required to configure branch protection via GitHub UI,traceable
repo-change-control-release.md,REP-013,**Impact:** Potential development disruption if schema import is required.,./docs/GOVERNANCE_SELF_CHECK_2025-12-17.md,Risk 3: Database Schema Error (Pre-Existing),**Impact:** Potential development disruption if schema import is required.,traceable
repo-change-control-release.md,REP-014,- User action required to enable at org level,./docs/GOVERNANCE_SELF_CHECK_2025-12-17.md,Risk 5: Security Features Not Yet Enabled (Org-Level),- User action required to enable at org level,traceable
repo-change-control-release.md,REP-015,1. **User Action Required:** Configure branch protection on GitHub repository main branch,./docs/GOVERNANCE_SELF_CHECK_2025-12-17.md,Immediate (Next 24 Hours),1. **User Action Required:** Configure branch protection on GitHub repository main branch,traceable
repo-change-control-release.md,REP-016,2. **User Decision Required:** Determine ISA license,./docs/GOVERNANCE_SELF_CHECK_2025-12-17.md,Immediate (Next 24 Hours),2. **User Decision Required:** Determine ISA license,traceable
repo-change-control-release.md,REP-017,- Ensure procedures are comprehensive and current,./docs/GOVERNANCE_SELF_CHECK_2025-12-17.md,Short-Term (Next 14 Days),- Ensure procedures are comprehensive and current,traceable
repo-change-control-release.md,REP-018,- Validate security monitoring is working,./docs/GOVERNANCE_SELF_CHECK_2025-12-17.md,Medium-Term (Next 30 Days),- Validate security monitoring is working,traceable
repo-change-control-release.md,REP-019,- I will perform governance self-checks as required,./docs/GOVERNANCE_SELF_CHECK_2025-12-17.md,7. Governance Compliance Statement,- I will perform governance self-checks as required,traceable
repo-change-control-release.md,REP-020,"- **Testing** - Run tests, validate data quality, ensure production readiness",./docs/agent_collaboration/MANUS_CHATGPT_PROTOCOL.md,Manus (Orchestrator),"- **Testing** - Run tests, validate data quality, ensure production readiness",traceable
agent-prompt-governance.md,AGE-001,"- Validate claims of completeness, compliance, or currency",./ISA_GOVERNANCE.md,2.1 ISA Executive Steward (User),"- Validate claims of completeness, compliance, or currency",traceable
agent-prompt-governance.md,AGE-002,- Recommend governance mode transitions when appropriate,./ISA_GOVERNANCE.md,2.2 Manus (Autonomous Development Agent),- Recommend governance mode transitions when appropriate,traceable
agent-prompt-governance.md,AGE-003,- MUST escalate all decisions matching Lane C triggers,./ISA_GOVERNANCE.md,2.2 Manus (Autonomous Development Agent),- MUST escalate all decisions matching Lane C triggers,traceable
agent-prompt-governance.md,AGE-004,- MUST NOT proceed with escalated decisions without explicit user approval,./ISA_GOVERNANCE.md,2.2 Manus (Autonomous Development Agent),- MUST NOT proceed with escalated decisions without explicit user approval,traceable
agent-prompt-governance.md,AGE-005,- MUST NOT assume consent from user silence,./ISA_GOVERNANCE.md,2.2 Manus (Autonomous Development Agent),- MUST NOT assume consent from user silence,traceable
agent-prompt-governance.md,AGE-006,- MUST NOT bypass governance rules for speed or convenience,./ISA_GOVERNANCE.md,2.2 Manus (Autonomous Development Agent),- MUST NOT bypass governance rules for speed or convenience,traceable
agent-prompt-governance.md,AGE-007,- Recommend governance improvements,./ISA_GOVERNANCE.md,2.3 Governance Verifier (ChatGPT),- Recommend governance improvements,traceable
agent-prompt-governance.md,AGE-008,"**Description:** Manus has moderate autonomy for routine development work, with escalation required for higher-risk decisions.",./ISA_GOVERNANCE.md,3.2 Lane B ‚Äî Supervised Autonomy Mode,"**Description:** Manus has moderate autonomy for routine development work, with escalation required ",traceable
agent-prompt-governance.md,AGE-009,"When escalation is required, Manus MUST use exactly this format:",./ISA_GOVERNANCE.md,4. Mandatory Escalation Format,"When escalation is required, Manus MUST use exactly this format:",traceable
agent-prompt-governance.md,AGE-010,- User MUST explicitly select an option (A / B / C),./ISA_GOVERNANCE.md,4. Mandatory Escalation Format,- User MUST explicitly select an option (A / B / C),traceable
agent-prompt-governance.md,AGE-011,- Manus MUST NOT proceed until explicit approval received,./ISA_GOVERNANCE.md,4. Mandatory Escalation Format,- Manus MUST NOT proceed until explicit approval received,traceable
agent-prompt-governance.md,AGE-012,Manus MUST perform governance self-checks:,./ISA_GOVERNANCE.md,6. Governance Self-Check Requirements,Manus MUST perform governance self-checks:,traceable
agent-prompt-governance.md,AGE-013,**Required Verifications:**,./ISA_GOVERNANCE.md,6.2 Self-Check Contents,**Required Verifications:**,traceable
agent-prompt-governance.md,AGE-014,- [Action 1]: [Escalation required? Yes/No] [Escalated? Yes/No],./ISA_GOVERNANCE.md,6.2 Self-Check Contents,- [Action 1]: [Escalation required? Yes/No] [Escalated? Yes/No],traceable
agent-prompt-governance.md,AGE-015,- [Action 2]: [Escalation required? Yes/No] [Escalated? Yes/No],./ISA_GOVERNANCE.md,6.2 Self-Check Contents,- [Action 2]: [Escalation required? Yes/No] [Escalated? Yes/No],traceable
agent-prompt-governance.md,AGE-016,- Manus MUST perform governance self-checks as required,./ISA_GOVERNANCE.md,9.1 Compliance Monitoring,- Manus MUST perform governance self-checks as required,traceable
agent-prompt-governance.md,AGE-017,1. Manus MUST immediately halt violating activity,./ISA_GOVERNANCE.md,9.2 Violation Handling,1. Manus MUST immediately halt violating activity,traceable
agent-prompt-governance.md,AGE-018,2. Manus MUST report violation to user with full details,./ISA_GOVERNANCE.md,9.2 Violation Handling,2. Manus MUST report violation to user with full details,traceable
agent-prompt-governance.md,AGE-019,3. Manus MUST propose corrective action,./ISA_GOVERNANCE.md,9.2 Violation Handling,3. Manus MUST propose corrective action,traceable
agent-prompt-governance.md,AGE-020,4. User MUST approve corrective action before proceeding,./ISA_GOVERNANCE.md,9.2 Violation Handling,4. User MUST approve corrective action before proceeding,traceable
ux-user-journey.md,UX -001,4. **Assurance & Validation Framing** - Required to establish ISA's credibility as authoritative source,./docs/ISA_PRODUCT_DIMENSIONS_ANALYSIS.md,Key Findings,4. **Assurance & Validation Framing** - Required to establish ISA's credibility as authoritative sou,traceable
ux-user-journey.md,UX -002,The primary directive remains: **protect core ISA delivery above all else**. Dimensions should be activated only when they prevent structural failure or unlock disproportionate user value with minimal,./docs/ISA_PRODUCT_DIMENSIONS_ANALYSIS.md,Strategic Guidance,The primary directive remains: **protect core ISA delivery above all else**. Dimensions should be ac,traceable
ux-user-journey.md,UX -003,**Formalization Decision:** Should this dimension be:,./docs/ISA_PRODUCT_DIMENSIONS_ANALYSIS.md,1.1 Analysis Framework,**Formalization Decision:** Should this dimension be:,traceable
ux-user-journey.md,UX -004,"**Timing & Sequencing:** If formalization is recommended, when should it occur relative to ISA's development lifecycle?",./docs/ISA_PRODUCT_DIMENSIONS_ANALYSIS.md,1.1 Analysis Framework,"**Timing & Sequencing:** If formalization is recommended, when should it occur relative to ISA's dev",traceable
ux-user-journey.md,UX -005,**No additional dimension-specific work is required** beyond executing the existing Visual & Branding roadmap and ensuring data provenance is visible throughout the UX.,./docs/ISA_PRODUCT_DIMENSIONS_ANALYSIS.md,Formalization Decision,**No additional dimension-specific work is required** beyond executing the existing Visual & Brandin,traceable
ux-user-journey.md,UX -006,"ISA's core value proposition is **automated mapping between EU regulations and GS1 standards**. If users cannot understand or verify these mappings, ISA becomes a ""black box"" that users may consult bu",./docs/ISA_PRODUCT_DIMENSIONS_ANALYSIS.md,Relevance to ISA's Mission,ISA's core value proposition is **automated mapping between EU regulations and GS1 standards**. If u,traceable
ux-user-journey.md,UX -007,- **Regulatory compliance use cases:** Users must justify their compliance strategies to auditors and regulators,./docs/ISA_PRODUCT_DIMENSIONS_ANALYSIS.md,Relevance to ISA's Mission,- **Regulatory compliance use cases:** Users must justify their compliance strategies to auditors an,traceable
ux-user-journey.md,UX -008,No dimension-specific work required. Interoperability features can be added opportunistically as user demand emerges.,./docs/ISA_PRODUCT_DIMENSIONS_ANALYSIS.md,Timing & Sequencing,No dimension-specific work required. Interoperability features can be added opportunistically as use,traceable
ux-user-journey.md,UX -009,- **User base is small:** Early adopters are technical users who can validate ISA's outputs independently,./docs/ISA_PRODUCT_DIMENSIONS_ANALYSIS.md,Formalization Decision,- **User base is small:** Early adopters are technical users who can validate ISA's outputs independ,traceable
ux-user-journey.md,UX -010,"ISA's value proposition is to **reduce manual effort** in regulatory compliance. However, if users must manually copy data from ISA into their existing tools (Excel, compliance software, ERP systems),",./docs/ISA_PRODUCT_DIMENSIONS_ANALYSIS.md,Relevance to ISA's Mission,"ISA's value proposition is to **reduce manual effort** in regulatory compliance. However, if users m",traceable
ux-user-journey.md,UX -011,"- **Competitive landscape:** Compliance platforms (OneTrust, Workiva) offer integrations; ISA must match",./docs/ISA_PRODUCT_DIMENSIONS_ANALYSIS.md,Formalization Decision,"- **Competitive landscape:** Compliance platforms (OneTrust, Workiva) offer integrations; ISA must m",traceable
ux-user-journey.md,UX -012,"**However, full integration is not required immediately.** A **minimal-impact entry point** can unblock enterprise adoption without derailing core development.",./docs/ISA_PRODUCT_DIMENSIONS_ANALYSIS.md,Formalization Decision,"**However, full integration is not required immediately.** A **minimal-impact entry point** can unbl",traceable
ux-user-journey.md,UX -013,"- Create public API for regulation/standard queries (read-only, no authentication required)",./docs/ISA_PRODUCT_DIMENSIONS_ANALYSIS.md,Timing & Sequencing,"- Create public API for regulation/standard queries (read-only, no authentication required)",traceable
ux-user-journey.md,UX -014,- Add audit trail for all user actions (required for enterprise compliance),./docs/ISA_PRODUCT_DIMENSIONS_ANALYSIS.md,Timing & Sequencing,- Add audit trail for all user actions (required for enterprise compliance),traceable
ux-user-journey.md,UX -015,"- **Legal disclaimers:** ISA must clarify that it provides informational guidance, not legal advice",./docs/ISA_PRODUCT_DIMENSIONS_ANALYSIS.md,Relevance to ISA's Mission,"- **Legal disclaimers:** ISA must clarify that it provides informational guidance, not legal advice",traceable
ux-user-journey.md,UX -016,- **Data privacy:** ISA must comply with GDPR and other data protection regulations,./docs/ISA_PRODUCT_DIMENSIONS_ANALYSIS.md,Relevance to ISA's Mission,- **Data privacy:** ISA must comply with GDPR and other data protection regulations,traceable
ux-user-journey.md,UX -017,"- **Terms of service:** ISA must define acceptable use, liability limits, and dispute resolution",./docs/ISA_PRODUCT_DIMENSIONS_ANALYSIS.md,Relevance to ISA's Mission,"- **Terms of service:** ISA must define acceptable use, liability limits, and dispute resolution",traceable
ux-user-journey.md,UX -018,- **Risk mitigation:** ISA must help users understand the limitations and risks of relying on AI-generated content,./docs/ISA_PRODUCT_DIMENSIONS_ANALYSIS.md,Relevance to ISA's Mission,- **Risk mitigation:** ISA must help users understand the limitations and risks of relying on AI-gen,traceable
ux-user-journey.md,UX -019,"- **Legal expertise required:** Drafting ToS, privacy policy, and liability disclaimers requires legal counsel",./docs/ISA_PRODUCT_DIMENSIONS_ANALYSIS.md,Formalization Decision,"- **Legal expertise required:** Drafting ToS, privacy policy, and liability disclaimers requires leg",traceable
ux-user-journey.md,UX -020,- Data ingestion pipelines (must record provenance metadata at every step),./docs/ISA_PRODUCT_DIMENSIONS_ANALYSIS.md,Why This Is a Dimension (Not a Feature),- Data ingestion pipelines (must record provenance metadata at every step),traceable
roadmap-evolution.md,ROA-001,- Validate all queries from ASK_ISA_QUERY_LIBRARY.md,./docs/ISA_AUTONOMOUS_ROADMAP_V1.md,Phase 2: Ask ISA RAG System (Priority: ‚≠ê‚≠ê‚≠ê‚≠ê‚≠ê),- Validate all queries from ASK_ISA_QUERY_LIBRARY.md,traceable
roadmap-evolution.md,ROA-002,- Measure citation completeness (100% required),./docs/ISA_AUTONOMOUS_ROADMAP_V1.md,Phase 2: Ask ISA RAG System (Priority: ‚≠ê‚≠ê‚≠ê‚≠ê‚≠ê),- Measure citation completeness (100% required),traceable
roadmap-evolution.md,ROA-003,- Validate diff against schema,./docs/ISA_AUTONOMOUS_ROADMAP_V1.md,Phase 3: Advisory Evolution & Diff Computation (Priority: ‚≠ê‚≠ê‚≠ê‚≠ê),- Validate diff against schema,traceable
roadmap-evolution.md,ROA-004,- Completeness checks (required fields present),./docs/ISA_AUTONOMOUS_ROADMAP_V1.md,Phase 4: Production Hardening (Priority: ‚≠ê‚≠ê‚≠ê),- Completeness checks (required fields present),traceable
roadmap-evolution.md,ROA-005,"**Objective:** Validate final ISA product against mission, anti-goals, and quality standards.",./docs/ISA_AUTONOMOUS_ROADMAP_V1.md,Phase 6: Final Validation & Delivery (Priority: ‚≠ê‚≠ê‚≠ê‚≠ê‚≠ê),"**Objective:** Validate final ISA product against mission, anti-goals, and quality standards.",traceable
roadmap-evolution.md,ROA-006,**Critical Path:** Phases 1-2-3 must complete sequentially. Phases 4-5 can run in parallel after Phase 3.,./docs/ISA_AUTONOMOUS_ROADMAP_V1.md,Appendix: Phase Dependencies,**Critical Path:** Phases 1-2-3 must complete sequentially. Phases 4-5 can run in parallel after Pha,traceable
roadmap-evolution.md,ROA-007,"**1. Advisory Correctness** - All statements must trace to datasets, regulations, or locked advisory artifacts. No hallucinations, no speculation, no untraceable AI outputs.",./docs/ISA_FUTURE_DEVELOPMENT_PLAN.md,Strategic Priorities,"**1. Advisory Correctness** - All statements must trace to datasets, regulations, or locked advisory",traceable
roadmap-evolution.md,ROA-008,**Now (Immediate Priority):** Features required for ISA v1.1 production readiness and GS1 NL stakeholder value delivery.,./docs/ISA_FUTURE_DEVELOPMENT_PLAN.md,Roadmap Structure,**Now (Immediate Priority):** Features required for ISA v1.1 production readiness and GS1 NL stakeho,traceable
roadmap-evolution.md,ROA-009,"- Validation with Zod schemas (enforce required fields, URL format, hash format)",./docs/ISA_FUTURE_DEVELOPMENT_PLAN.md,Feature 1: Regulatory Change Log UI,"- Validation with Zod schemas (enforce required fields, URL format, hash format)",traceable
roadmap-evolution.md,ROA-010,"Ask ISA provides a RAG-based query interface over ISA's locked advisory artifacts, datasets, and GS1 standards documentation. All responses must cite source datasets, advisory sections, or GS1 documen",./docs/ISA_FUTURE_DEVELOPMENT_PLAN.md,Feature 2: Ask ISA RAG Query Interface,"Ask ISA provides a RAG-based query interface over ISA's locked advisory artifacts, datasets, and GS1",traceable
roadmap-evolution.md,ROA-011,"- Citation extraction: every claim must cite dataset ID, advisory section, or source URL",./docs/ISA_FUTURE_DEVELOPMENT_PLAN.md,Feature 2: Ask ISA RAG Query Interface,"- Citation extraction: every claim must cite dataset ID, advisory section, or source URL",traceable
roadmap-evolution.md,ROA-012,- Validate all 30 queries from Ask ISA Query Library,./docs/ISA_FUTURE_DEVELOPMENT_PLAN.md,Feature 2: Ask ISA RAG Query Interface,- Validate all 30 queries from Ask ISA Query Library,traceable
roadmap-evolution.md,ROA-013,- Measure citation completeness (100% of responses must cite sources),./docs/ISA_FUTURE_DEVELOPMENT_PLAN.md,Feature 2: Ask ISA RAG Query Interface,- Measure citation completeness (100% of responses must cite sources),traceable
roadmap-evolution.md,ROA-014,**Rationale:** GS1 NL releases new GDSN versions periodically. ISA must stay current to provide accurate gap analyses.,./docs/ISA_FUTURE_DEVELOPMENT_PLAN.md,Feature 4: GS1 NL v3.1.34 Integration,**Rationale:** GS1 NL releases new GDSN versions periodically. ISA must stay current to provide accu,traceable
roadmap-evolution.md,ROA-015,"**Objective:** Ensure ISA is production-ready with monitoring, error recovery, and operational excellence.",./docs/ISA_FUTURE_DEVELOPMENT_PLAN.md,Feature 6: Production Hardening,"**Objective:** Ensure ISA is production-ready with monitoring, error recovery, and operational excel",traceable
roadmap-evolution.md,ROA-016,- **Reason for deferral:** Blocked by Phase 0 (GS1 NL cooperation required for brand assets),./docs/ISA_FUTURE_DEVELOPMENT_PLAN.md,Deferred Features,- **Reason for deferral:** Blocked by Phase 0 (GS1 NL cooperation required for brand assets),traceable
roadmap-evolution.md,ROA-017,- **Reason for deferral:** Regulations are relatively stable; historical versioning not yet required,./docs/ISA_FUTURE_DEVELOPMENT_PLAN.md,Deferred Features,- **Reason for deferral:** Regulations are relatively stable; historical versioning not yet required,traceable
roadmap-evolution.md,ROA-018,- ISA does not validate customer data against GS1 standards or regulatory requirements,./docs/ISA_FUTURE_DEVELOPMENT_PLAN.md,What ISA Will Never Do,- ISA does not validate customer data against GS1 standards or regulatory requirements,traceable
roadmap-evolution.md,ROA-019,"- ISA can recommend new attributes, data types, or enums for GS1 standards based on regulatory requirements",./docs/ISA_FUTURE_DEVELOPMENT_PLAN.md,What ISA Might Do (With Explicit Approval),"- ISA can recommend new attributes, data types, or enums for GS1 standards based on regulatory requi",traceable
roadmap-evolution.md,ROA-020,- Approval required: GS1 NL standards team review,./docs/ISA_FUTURE_DEVELOPMENT_PLAN.md,What ISA Might Do (With Explicit Approval),- Approval required: GS1 NL standards team review,traceable
